Physical Inventory Document,No. of Reference Physical Inventory Doc.,Physical Inventory Procedure,Physical Inventory Status,Storage Type,Storage Section,Storage Bin,Product,Batch,Stock Type,Book Quantity,Counted Quantity,Difference Quantity,Absolute Difference Quantity,Base Unit of Measure,Absolute Difference Value,Currency,Counter,Count Date,Count Time,Higher-Level Handling Unit,Difference Value,Item HU Counted as Empty,Storage Bin Empty,Zero Count,Activation Date,Activation Time,Posting Date,Time of Posting,Changed By,Created On,Created At,Created By,Activity Area,Counted Quantity in Alternative UoM,Alt. Unit of Measure,Warehouse Order,Item,Reference Phys. Inventory Doc. Item No.,Count
1000000053556,1000000053555,HS,POST,FG1N,1001,G1-14-03-01-N,20974,Y000034796,BP,15,0,-15,15,EA,"1,595.32",USD,RPIERCE,9/2/2026,7:47:14 AM,,"-1,595.32",,,X,9/1/2026,5:24:00 AM,9/18/2026,9:34:09 AM,RPORTILLO,9/1/2026,5:24:00 AM,JAUGUSTIN,N081,0,EA,2001408670,1,1,1
1000000053590,1000000053568,CC,POST,DG1S,1020,H1-07-05-02-S,10480,1048022029,BN,800,400,-400,400,G,"1,480.00",USD,RPIERCE,9/9/2026,6:47:58 AM,103807771003383041,"-1,480.00",,,,9/1/2026,9:33:38 AM,9/9/2026,7:31:55 AM,RBATISTA,9/1/2026,9:33:38 AM,JSMITH5,S036,400,G,2001408915,1,1,1
1000000053595,1000000053594,HS,POST,DG1N,1020,I1-21-02-01-N,80000371,Y000045100,FP,13,16,3,3,ML,24.00,USD,MFREDERICK,9/1/2026,10:04:23 AM,103807771003251395,24.00,,,,9/1/2026,10:03:47 AM,9/1/2026,10:26:57 AM,RPORTILLO,9/1/2026,10:03:47 AM,TPHOMMATA,N036,16,ML,2001409008,1,1,1
1000000053596,,HS,POST,MI02,5006,2258-INT-01-S,21436,Y000046953,FR,1,3,2,2,EA,11.20,USD,AGRACIA,9/1/2026,10:21:41 AM,,11.20,,,,9/1/2026,10:20:45 AM,9/1/2026,11:09:29 AM,MDALY1,9/1/2026,10:20:45 AM,AGRACIA,S277,3,EA,2001408853,1,0,1
1000000053603,1000000053542,CC,POST,DG1N,1001,D1-17-01-01-N,10099,Y000044334,FP,39.970,39.980,0.010,0.010,L,0.39,USD,RPIERCE,9/9/2026,5:24:15 AM,103807771003421316,0.39,,,,9/1/2026,10:29:19 AM,9/9/2026,7:31:55 AM,RBATISTA,9/1/2026,10:29:19 AM,RPORTILLO,N033,39.980,L,2001409039,1,1,1
1000000053604,1000000053452,HS,POST,OG1N,,OUT-STG-BIO-ROWC-N,20554,2055422015,FP,3,0,-3,3,EA,"1,312.22",USD,RPIERCE,9/9/2026,5:19:00 AM,103807771003375329,"-1,312.22",,,,9/1/2026,10:38:29 AM,9/21/2026,11:36:11 PM,RPORTILLO,9/1/2026,10:38:29 AM,RPORTILLO,N113,0.000,,2001409044,1,1,1
1000000053606,1000000053427,HS,POST,HLDN,1020,I1-1678-HOLD-01-N,10809,1080923012,BP,430,0,-430,430,ML,"4,158.10",USD,RPIERCE,9/9/2026,6:02:31 AM,103807771001770591,"-4,158.10",,,,9/1/2026,10:39:17 AM,9/28/2026,11:34:15 PM,RPORTILLO,9/1/2026,10:39:17 AM,RPORTILLO,N100,0.000,,2001409046,1,1,1
1000000053608,1000000053534,CC,POST,DG1N,1001,A1-30-01-02-N,10073,1007322006,FP,248,247,-1,1,KG,455.00,USD,RPIERCE,9/9/2026,5:12:00 AM,103807771003418859,-455.00,,,,9/1/2026,10:40:06 AM,9/9/2026,7:31:55 AM,RBATISTA,9/1/2026,10:40:06 AM,RPORTILLO,N033,247,KG,2001409048,1,1,1
1000000053609,1000000053324,CC,POST,DG1N,1001,B1-09-01-01-N,10069,1006921037,FP,450,449.820,-0.180,0.180,KG,10.62,USD,RPIERCE,9/9/2026,5:15:28 AM,103807771003399387,-10.62,,,,9/1/2026,10:40:16 AM,9/9/2026,7:31:55 AM,RBATISTA,9/1/2026,10:40:16 AM,RPORTILLO,N033,449.820,KG,2001409049,1,1,1
1000000053610,,HS,POST,MI02,5007,1311A-LMX-01-S,20596,Y000043739,FR,0,1,1,1,EA,311.40,USD,GTEJEDA,9/1/2026,3:16:56 PM,,311.40,,,,9/1/2026,3:16:37 PM,9/1/2026,3:20:41 PM,JKENT,9/1/2026,3:16:37 PM,GTEJEDA,S278,1,EA,2001409216,1,0,1
1000000053610,,HS,POST,MI02,5007,1311A-LMX-01-S,21134,Y000043873,FR,0,1,1,1,EA,118.96,USD,GTEJEDA,9/1/2026,3:16:56 PM,,118.96,,,,9/1/2026,3:16:37 PM,9/1/2026,3:20:41 PM,JKENT,9/1/2026,3:16:37 PM,GTEJEDA,S278,1,EA,2001409217,2,0,1
1000000053612,1000000053611,HS,POST,DG1N,1001,G1-27-06-01-N,Q0037,Y000031111,FP,48,0,-48,48,EA,361.00,USD,RPIERCE,9/9/2026,5:34:41 AM,103807771003204612,-361.00,,,,9/1/2026,10:52:44 PM,9/18/2026,2:59:07 PM,RPORTILLO,9/1/2026,10:52:44 PM,JAUGUSTIN,N033,0.000,,2001409272,1,1,1
1000000053660,1000000053659,HS,POST,DG1N,1001,C1-32-03-01-N,21216,2121623007,BP,7,0,-7,7,EA,"20,846.00",USD,RPIERCE,9/2/2026,7:45:58 AM,103807771001826106,"-20,846.00",,,,9/2/2026,7:44:40 AM,9/2/2026,9:48:10 AM,RPORTILLO,9/2/2026,7:44:40 AM,RPIERCE,N033,0.000,,2001409431,1,1,1
1000000053662,,HS,POST,MI02,5001,1276-BUF-01-S,10117,Y000044845,FR,4.418,4.483,0.065,0.065,KG,5.25,USD,JPOTHIER,9/2/2026,8:12:46 AM,,5.25,,,,9/2/2026,8:07:50 AM,9/2/2026,8:17:41 AM,JDUSSEAULT,9/2/2026,8:07:50 AM,JPOTHIER,S272,4.483,KG,2001409433,1,0,1
1000000053662,,HS,POST,MI02,5001,1276-BUF-01-S,10117,Y000044846,FR,11.958,11.998,0.040,0.040,KG,3.23,USD,JPOTHIER,9/2/2026,8:12:46 AM,,3.23,,,,9/2/2026,8:07:50 AM,9/2/2026,8:17:57 AM,JDUSSEAULT,9/2/2026,8:07:50 AM,JPOTHIER,S272,11.998,KG,2001409434,2,0,1
1000000053666,,HS,POST,MI02,5001,1276-BUF-01-S,10117,Y000044845,FR,4.483,4.488,0.005,0.005,KG,0.40,USD,JPOTHIER,9/2/2026,8:36:39 AM,,0.40,,,,9/2/2026,8:36:11 AM,9/2/2026,8:38:48 AM,JDUSSEAULT,9/2/2026,8:36:11 AM,JPOTHIER,S272,4.488,KG,2001409647,1,0,1
1000000053667,,HS,POST,MI02,5001,1276-BUF-01-S,10117,Y000044845,FR,4.488,4.538,0.050,0.050,KG,4.04,USD,JPOTHIER,9/2/2026,8:47:27 AM,,4.04,,,,9/2/2026,8:46:35 AM,9/2/2026,8:48:53 AM,JDUSSEAULT,9/2/2026,8:46:35 AM,JPOTHIER,S272,4.538,KG,2001409650,1,0,1
1000000053668,,HS,POST,MI02,5006,2258-INT-01-S,10280,Y000046796,FR,0,"1,500","1,500","1,500",ML,267.34,USD,RELLIOTT,9/2/2026,9:22:02 AM,,267.34,,,,9/2/2026,9:18:54 AM,9/2/2026,9:23:55 AM,JMARTIN1,9/2/2026,9:18:54 AM,RELLIOTT,S277,"1,500",ML,2001409443,1,0,1
1000000053669,,HS,POST,MI02,5006,2258-INT-01-S,10282,Y000041256,FR,0,510,510,510,ML,9.91,USD,RELLIOTT,9/2/2026,9:22:16 AM,,9.91,,,,9/2/2026,9:21:07 AM,9/2/2026,9:24:14 AM,JMARTIN1,9/2/2026,9:21:07 AM,RELLIOTT,S277,510,ML,2001409444,1,0,1
1000000053670,1000000053631,CC,POST,DG1N,1010,H1-07-04-01-N,10353,1035322011,FP,3.350,1.750,-1.600,1.600,L,"16,172.80",USD,RPIERCE,9/9/2026,6:03:30 AM,103807771001760240,"-16,172.80",,,,9/2/2026,9:30:27 AM,9/9/2026,7:31:55 AM,RBATISTA,9/2/2026,9:30:27 AM,RPIERCE,N034,1.750,L,2001409449,1,1,1
1000000053674,,HS,POST,MI02,5002,1332-SSO-01-S,53000293,Y000045091,FR,0.330,0.608,0.278,0.278,L,"8,028.31",USD,APHIFER,9/2/2026,11:39:56 AM,,"8,028.31",,,,9/2/2026,11:38:25 AM,9/2/2026,11:41:27 AM,AVARATTA,9/2/2026,11:38:25 AM,APHIFER,S273,0.608,L,2001409592,1,0,1
1000000053675,,HS,POST,NI04,0001,0700-TNK-1-E,P0945,Y000052622,F3,4,3,-1,1,EA,73.26,USD,SHAZARD,9/2/2026,1:10:32 PM,,-73.26,,,,9/2/2026,1:07:54 PM,9/2/2026,1:14:53 PM,SHAZARD,9/2/2026,1:07:54 PM,SHAZARD,E236,3,EA,2001409824,1,0,1
1000000053675,,HS,POST,NI04,0001,0700-TNK-1-E,20859,Y000050901,F3,1,2,1,1,EA,79.12,USD,SHAZARD,9/2/2026,1:10:32 PM,,79.12,,,,9/2/2026,1:07:54 PM,9/2/2026,1:14:53 PM,SHAZARD,9/2/2026,1:07:54 PM,SHAZARD,E236,2,EA,2001409825,2,0,1
1000000053676,,HS,POST,MI02,5001,1276-BUF-01-S,10074,Y000039533,FR,0.032,0.538,0.506,0.506,KG,85.78,USD,JPOTHIER,9/2/2026,1:23:33 PM,,85.78,,,,9/2/2026,1:23:13 PM,9/2/2026,1:27:00 PM,JDUSSEAULT,9/2/2026,1:23:13 PM,JPOTHIER,S272,0.538,KG,2001409832,1,0,1
1000000053677,,HS,POST,MI02,5001,1276-BUF-01-S,10074,Y000039533,FR,0.538,1.038,0.500,0.500,KG,84.76,USD,JPOTHIER,9/2/2026,1:35:09 PM,,84.76,,,,9/2/2026,1:34:52 PM,9/2/2026,1:37:02 PM,JDUSSEAULT,9/2/2026,1:34:52 PM,JPOTHIER,S272,1.038,KG,2001409836,1,0,1
1000000053679,,HS,POST,MI02,5002,1332-SSO-01-S,20920,Y000030634,FR,7,10,3,3,EA,402.48,USD,MHARKINS1,9/2/2026,2:06:50 PM,,402.48,,,,9/2/2026,2:05:30 PM,9/2/2026,2:23:25 PM,AVARATTA,9/2/2026,2:05:30 PM,MHARKINS1,S273,10,EA,2001409777,1,0,1
1000000053680,,HS,POST,MI02,5001,1276-BUF-01-S,B0188,Y000051241,BR,0,5.400,5.400,5.400,L,"2,965.78",USD,JPOTHIER,9/2/2026,3:54:03 PM,,"2,965.78",,,,9/2/2026,3:50:40 PM,9/2/2026,4:01:39 PM,JDUSSEAULT,9/2/2026,3:50:40 PM,JPOTHIER,S272,5.400,L,2001409872,1,0,1
1000000053681,,HS,POST,MI02,5001,1276-BUF-01-S,B0188,Y000051241,BR,5.400,54,48.600,48.600,L,"26,691.99",USD,JPOTHIER,9/2/2026,4:15:25 PM,,"26,691.99",,,,9/2/2026,4:15:17 PM,9/2/2026,4:17:03 PM,JDUSSEAULT,9/2/2026,4:15:17 PM,JPOTHIER,S272,54,L,2001409878,1,0,1
1000000053683,,HS,POST,MI02,5001,1276-BUF-01-S,B0188,Y000051241,BR,54,100,46,46,L,"25,264.03",USD,JPOTHIER,9/2/2026,4:57:45 PM,,"25,264.03",,,,9/2/2026,4:57:30 PM,9/2/2026,4:58:21 PM,JDUSSEAULT,9/2/2026,4:57:30 PM,JPOTHIER,S272,100,L,2001409882,1,0,1
1000000053684,,HS,POST,MI02,5001,1276-BUF-01-S,10074,Y000039533,FR,0.436,0.536,0.100,0.100,KG,16.95,USD,JPOTHIER,9/2/2026,5:40:29 PM,,16.95,,,,9/2/2026,5:39:09 PM,9/2/2026,5:41:05 PM,JDUSSEAULT,9/2/2026,5:39:09 PM,JPOTHIER,S272,0.536,KG,2001409897,1,0,1
1000000053687,1000000053686,HS,POST,DG1N,1001,B1-11-02-02-N,21134,Y000043873,FP,113,118,5,5,EA,594.80,USD,RPIERCE,9/3/2026,8:25:07 AM,103807771003217322,594.80,,,,9/3/2026,8:24:45 AM,9/3/2026,9:53:59 AM,RBATISTA,9/3/2026,8:24:45 AM,RPIERCE,N033,118,EA,2001410452,1,1,1
1000000053689,1000000053688,HS,POST,DG1N,1001,B1-25-03-02-N,21091,Y000051656,FP,157,160,3,3,EA,701.97,USD,RPIERCE,9/3/2026,9:06:21 AM,103807771003397437,701.97,,,,9/3/2026,9:06:03 AM,9/3/2026,9:53:59 AM,RBATISTA,9/3/2026,9:06:03 AM,RPIERCE,N033,160,EA,2001410469,1,1,1
1000000053694,,HS,POST,MI02,5006,2258-INT-01-S,21890,Y000047649,FR,1,5,4,4,EA,38.94,USD,VSERETYROVA,9/3/2026,10:31:14 AM,,38.94,,,,9/3/2026,10:30:35 AM,9/3/2026,10:36:20 AM,SLOUF,9/3/2026,10:30:35 AM,VSERETYROVA,S277,5,EA,2001410532,1,0,1
1000000053695,,HS,POST,MI02,5006,2258-INT-01-S,10246,Y000047085,FR,0.600,2.600,2,2,ML,25.72,USD,VSERETYROVA,9/3/2026,10:38:42 AM,,25.72,,,,9/3/2026,10:36:35 AM,9/3/2026,10:41:23 AM,SLOUF,9/3/2026,10:36:35 AM,VSERETYROVA,S277,2.600,ML,2001410533,1,0,1
1000000053695,,HS,POST,MI02,5006,2258-INT-01-S,20827,Y000047112,FR,0,1,1,1,EA,11.32,USD,VSERETYROVA,9/3/2026,10:38:42 AM,,11.32,,,,9/3/2026,10:36:35 AM,9/3/2026,10:41:23 AM,SLOUF,9/3/2026,10:36:35 AM,VSERETYROVA,S277,1,EA,2001410534,2,0,1
1000000053696,,HS,POST,MI02,5006,2258-INT-01-S,B0360,Y000050856,FR,0,120,120,120,ML,834.00,USD,YLIANG,9/3/2026,5:10:19 PM,,834.00,,,,9/3/2026,5:09:00 PM,9/3/2026,5:12:18 PM,SLOUF,9/3/2026,5:09:00 PM,YLIANG,S277,120,ML,2001410697,1,0,1
1000000053698,,HS,POST,NI02,5004,2239-DNA-01-S,10734,Y000051298,FR,50,125,75,75,ML,"9,219.21",USD,RMMARI,9/8/2026,8:52:40 PM,,"9,219.21",,,,9/4/2026,4:53:01 AM,9/8/2026,9:10:47 PM,HOSENI,9/4/2026,4:53:01 AM,KCHEN2,S285,125,ML,2001410973,1,0,1
1000000053700,1000000053699,HS,POST,NI02,5004,2239-DNA-01-S,10734,Y000048855,FR,250,275,25,25,ML,"3,073.07",USD,SSENATUS,9/4/2026,5:00:11 AM,,"3,073.07",,,,9/4/2026,4:57:15 AM,9/4/2026,5:01:47 AM,RMARSHALEWSK,9/4/2026,4:57:15 AM,RMARSHALEWSK,S285,275,ML,2001411023,1,1,1
1000000053702,1000000053701,HS,POST,OG1N,1070,J1-63-01-OVFL-N,83000411,Y000043251,FP,"8,691.300",0,"-8,691.300","8,691.300",µL,"1,216.78",USD,RPIERCE,9/4/2026,10:53:45 AM,103807771003287332,"-1,216.78",,,,9/4/2026,10:53:28 AM,9/21/2026,11:34:21 PM,RPORTILLO,9/4/2026,10:53:28 AM,RPIERCE,N118,0.000,,2001411170,1,1,1
1000000053704,1000000053703,HS,POST,DG1N,1001,F1-15-01-02-N,20891,Y000047364,FP,3,1,-2,2,EA,1.45,USD,DANARIBA,9/4/2026,1:25:54 PM,103807771003303551,-1.45,,,,9/4/2026,1:24:03 PM,9/4/2026,1:27:32 PM,WMCDADE,9/4/2026,1:24:03 PM,DANARIBA,N033,1,EA,2001411349,1,1,1
1000000053705,,HS,POST,MI02,5001,1276-BUF-01-S,21606,2160623007,FR,12,19,7,7,EA,4.24,USD,NKUPFERMAN,9/4/2026,2:53:44 PM,,4.24,,,,9/4/2026,2:52:59 PM,9/4/2026,3:19:04 PM,MDANDAMUDI,9/4/2026,2:52:59 PM,NKUPFERMAN,S272,19,EA,2001411466,1,0,1
1000000053705,,HS,POST,MI02,5001,1276-BUF-01-S,21267,Y000048860,FR,0,2,2,2,EA,462.16,USD,NKUPFERMAN,9/4/2026,2:53:44 PM,,462.16,,,,9/4/2026,2:52:59 PM,9/4/2026,3:19:04 PM,MDANDAMUDI,9/4/2026,2:52:59 PM,NKUPFERMAN,S272,2,EA,2001411467,2,0,1
1000000053706,,HS,POST,MI02,5009,1183-RNA-01-S,10469,1046921021,FR,537.560,0,-537.560,537.560,ML,"5,241.21",USD,CGARCIA,9/4/2026,5:53:42 PM,,"-5,241.21",,,X,9/4/2026,5:45:20 PM,9/4/2026,7:11:03 PM,AWILSON,9/4/2026,5:45:20 PM,CGARCIA,S280,0,ML,2001411652,26,0,1
1000000053706,,HS,POST,MI02,5009,1183-RNA-01-S,10490,1049022069,BR,"1,315.600",0,"-1,315.600","1,315.600",ML,"17,102.80",USD,CGARCIA,9/4/2026,5:53:42 PM,,"-17,102.80",,,X,9/4/2026,5:45:20 PM,9/4/2026,7:19:31 PM,AWILSON,9/4/2026,5:45:20 PM,CGARCIA,S280,0,ML,2001411657,31,0,1
1000000053708,,HS,POST,MI02,5006,2258-INT-01-S,21067,Y000051475,FR,0,2,2,2,EA,152.12,USD,VSERETYROVA,9/9/2026,9:43:20 AM,,152.12,,,,9/5/2026,11:20:35 AM,9/9/2026,3:56:26 PM,MPEREIRA,9/5/2026,11:20:35 AM,VSERETYROVA,S277,2,EA,2001412030,1,0,1
1000000053710,1000000053709,HS,POST,DG1N,1001,G1-51-02-01-N,21905,Y000019394,FP,2,25,23,23,EA,167.44,USD,DANARIBA,9/5/2026,1:31:41 PM,103807771002576253,167.44,,,,9/5/2026,1:31:11 PM,9/5/2026,1:37:16 PM,WMCDADE,9/5/2026,1:31:11 PM,DANARIBA,N033,25,EA,2001411886,1,1,1
1000000053712,1000000053711,HS,POST,FG1N,1001,G1-11-04-02-N,20973,Y000041195,FP,17,0,-17,17,EA,"1,628.42",USD,DANARIBA,9/5/2026,1:32:50 PM,,"-1,628.42",,,X,9/5/2026,1:32:31 PM,9/5/2026,1:36:48 PM,WMCDADE,9/5/2026,1:32:31 PM,DANARIBA,N081,0,EA,2001411887,1,1,1
1000000053713,,HS,POST,MI02,5009,1268-RNA-01-S,20621,Y000045915,FR,0,1,1,1,EA,980.10,USD,BOMALLEY1,9/5/2026,4:04:41 PM,,980.10,,,,9/5/2026,4:02:59 PM,9/5/2026,4:06:22 PM,MDANDAMUDI,9/5/2026,4:02:59 PM,BOMALLEY1,S280,1,EA,2001412204,1,0,1
1000000053713,,HS,POST,MI02,5009,1268-RNA-01-S,53000208,Y000049690,FR,0,59.070,59.070,59.070,L,"3,118.31",USD,BOMALLEY1,9/5/2026,4:04:26 PM,,"3,118.31",,,,9/5/2026,4:02:59 PM,9/5/2026,4:06:22 PM,MDANDAMUDI,9/5/2026,4:02:59 PM,BOMALLEY1,S280,59.070,L,2001412205,2,0,1
1000000053714,,HS,POST,MI02,5009,1268-RNA-01-S,20579,Y000046245,FR,0,1,1,1,EA,"23,464.00",USD,BPARRISH,9/6/2026,1:44:48 PM,,"23,464.00",,,,9/6/2026,1:43:19 PM,9/6/2026,1:49:36 PM,MTHIBAULT,9/6/2026,1:43:19 PM,BPARRISH,S280,1,EA,2001412432,1,0,1
1000000053715,,HS,POST,MI02,5009,1268-RNA-01-S,A0270,Y000046624,FR,82.880,83.100,0.220,0.220,G,27.30,USD,BPARRISH,9/6/2026,2:59:35 PM,,27.30,,,,9/6/2026,2:58:20 PM,9/6/2026,2:59:48 PM,MCOLLINS3,9/6/2026,2:58:20 PM,BPARRISH,S280,83.100,G,2001412445,1,0,1
1000000053716,,HS,POST,MI02,5009,1268-RNA-01-S,20005,Y000042044,FR,0,1,1,1,EA,5.46,USD,BPARRISH,9/6/2026,3:05:44 PM,,5.46,,,,9/6/2026,3:04:07 PM,9/6/2026,3:06:23 PM,MCOLLINS3,9/6/2026,3:04:07 PM,BPARRISH,S280,1,EA,2001412451,1,0,1
1000000053716,,HS,POST,MI02,5009,1268-RNA-01-S,20623,Y000037204,FR,0,1,1,1,EA,"1,025.00",USD,BPARRISH,9/6/2026,3:05:30 PM,,"1,025.00",,,,9/6/2026,3:04:07 PM,9/6/2026,3:06:23 PM,MCOLLINS3,9/6/2026,3:04:07 PM,BPARRISH,S280,1,EA,2001412452,2,0,1
1000000053717,,HS,POST,MI02,5009,1268-RNA-01-S,20621,Y000045915,FR,0,1,1,1,EA,980.10,USD,BPARRISH,9/6/2026,3:10:48 PM,,980.10,,,,9/6/2026,3:10:01 PM,9/6/2026,3:16:48 PM,MCOLLINS3,9/6/2026,3:10:01 PM,BPARRISH,S280,1,EA,2001412453,1,0,1
1000000053719,1000000053718,HS,POST,DG1S,1001,C1-06-01-01-S,B0225,Y000050875,FN,0.030,0,-0.030,0.030,L,4.33,USD,RSAMUEL,9/18/2026,5:31:22 AM,103807771003380477,-4.33,,,,9/6/2026,10:12:26 PM,9/18/2026,2:55:04 PM,RPORTILLO,9/6/2026,10:12:26 PM,JAUGUSTIN,S033,0.000,,2001412637,1,1,1
1000000053720,,HS,POST,MI02,5001,1276-BUF-01-S,10074,Y000039533,FR,0.443,0.580,0.138,0.138,KG,23.39,USD,WEDOUARD,9/7/2026,7:42:59 PM,,23.39,,,,9/7/2026,7:41:21 PM,9/7/2026,7:46:35 PM,HOSENI,9/7/2026,7:41:21 PM,WEDOUARD,S272,0.580,KG,2001413188,1,0,1
1000000053760,1000000053740,CC,POST,DG1N,2001,L1-04-02-01-N,80000395,Y000042127,BP,980,0,-980,980,ML,235.20,USD,RPIERCE,9/9/2026,5:41:36 AM,103807771003364392,-235.20,,,,9/8/2026,11:08:23 AM,9/9/2026,7:31:55 AM,RBATISTA,9/8/2026,11:08:23 AM,RPIERCE,N041,0.000,,2001413902,1,1,1
1000000053761,1000000053742,CC,POST,DG1N,2001,L1-06-03-01-N,10282,Y000034621,BP,10,360,350,350,ML,6.80,USD,RPIERCE,9/9/2026,5:43:09 AM,103807771003213041,6.80,,,,9/8/2026,11:10:25 AM,9/9/2026,7:31:55 AM,RBATISTA,9/8/2026,11:10:25 AM,RPIERCE,N041,360,ML,2001413906,1,1,1
1000000053762,,HS,POST,MI02,5009,1183-RNA-01-S,21487,Y000042471,FR,49,48,-1,1,EA,6.00,USD,BPARRISH,9/8/2026,2:00:39 PM,,-6.00,,,,9/8/2026,12:31:08 PM,9/8/2026,3:14:38 PM,MTHIBAULT,9/8/2026,12:31:08 PM,BPARRISH,S280,48,EA,2001413929,8,0,1
1000000053762,,HS,POST,MI02,5009,1183-RNA-01-S,21487,Y000044161,FR,8,6,-2,2,EA,12.00,USD,BPARRISH,9/8/2026,2:00:14 PM,,-12.00,,,,9/8/2026,12:31:08 PM,9/8/2026,3:14:38 PM,MTHIBAULT,9/8/2026,12:31:08 PM,BPARRISH,S280,6,EA,2001413930,9,0,1
1000000053762,,HS,POST,MI02,5009,1183-RNA-01-S,B0213,Y000048737,FR,30.728,39.960,9.232,9.232,L,"5,273.68",USD,BPARRISH,9/8/2026,1:44:58 PM,,"5,273.68",,,,9/8/2026,12:31:08 PM,9/8/2026,3:14:38 PM,MTHIBAULT,9/8/2026,12:31:08 PM,BPARRISH,S280,39.960,L,2001413933,12,0,1
1000000053762,,HS,POST,MI02,5009,1183-RNA-01-S,10690,Y000037225,FR,151.610,156.610,5,5,ML,159.15,USD,BPARRISH,9/8/2026,1:32:42 PM,,159.15,,,,9/8/2026,12:31:08 PM,9/8/2026,3:14:38 PM,MTHIBAULT,9/8/2026,12:31:08 PM,BPARRISH,S280,156.610,ML,2001413938,17,0,1
1000000053762,,HS,POST,MI02,5009,1183-RNA-01-S,10690,Y000046445,FR,"1,875","2,000",125,125,ML,"3,978.75",USD,BPARRISH,9/8/2026,1:31:44 PM,,"3,978.75",,,,9/8/2026,12:31:08 PM,9/8/2026,3:14:38 PM,MTHIBAULT,9/8/2026,12:31:08 PM,BPARRISH,S280,"2,000",ML,2001413939,18,0,1
1000000053762,,HS,POST,MI02,5009,1183-RNA-01-S,21231,2123123004,FR,1,0,-1,1,EA,457.36,USD,BPARRISH,9/8/2026,1:30:58 PM,,-457.36,,,X,9/8/2026,12:31:08 PM,9/8/2026,3:14:38 PM,MTHIBAULT,9/8/2026,12:31:08 PM,BPARRISH,S280,0,EA,2001413942,21,0,1
1000000053762,,HS,POST,MI02,5009,1183-RNA-01-S,10475,Y000035794,FR,228.030,"1,868.030","1,640","1,640",ML,"14,350.00",USD,BPARRISH,9/8/2026,2:02:05 PM,,"14,350.00",,,,9/8/2026,12:31:08 PM,9/8/2026,3:14:38 PM,MTHIBAULT,9/8/2026,12:31:08 PM,BPARRISH,S280,"1,868.030",ML,2001413946,25,0,1
1000000053762,,HS,POST,MI02,5009,1183-RNA-01-S,10099,Y000045092,FR,61.310,80,18.690,18.690,L,728.34,USD,BPARRISH,9/8/2026,2:05:03 PM,,728.34,,,,9/8/2026,12:31:08 PM,9/8/2026,3:14:38 PM,MTHIBAULT,9/8/2026,12:31:08 PM,BPARRISH,S280,80,L,2001413948,27,0,1
1000000053762,,HS,POST,MI02,5009,1183-RNA-01-S,20004,Y000041749,FR,33,24,-9,9,EA,30.56,USD,BPARRISH,9/8/2026,2:05:03 PM,,-30.56,,,,9/8/2026,12:31:08 PM,9/8/2026,3:14:38 PM,MTHIBAULT,9/8/2026,12:31:08 PM,BPARRISH,S280,24,EA,2001413957,36,0,1
1000000053762,,HS,POST,MI02,5009,1183-RNA-01-S,20010,2001022028,FR,4,8,4,4,EA,320.94,USD,BPARRISH,9/8/2026,2:05:03 PM,,320.94,,,,9/8/2026,12:31:08 PM,9/8/2026,3:14:38 PM,MTHIBAULT,9/8/2026,12:31:08 PM,BPARRISH,S280,8,EA,2001413961,40,0,1
1000000053762,,HS,POST,MI02,5009,1183-RNA-01-S,20625,Y000046348,FR,2,1,-1,1,EA,"1,287.60",USD,BPARRISH,9/8/2026,2:05:03 PM,,"-1,287.60",,,,9/8/2026,12:31:08 PM,9/8/2026,3:14:38 PM,MTHIBAULT,9/8/2026,12:31:08 PM,BPARRISH,S280,1,EA,2001413973,52,0,1
1000000053762,,HS,POST,MI02,5009,1183-RNA-01-S,21269,Y000038696,FR,122,40,-82,82,EA,"1,546.52",USD,BPARRISH,9/8/2026,2:05:03 PM,,"-1,546.52",,,,9/8/2026,12:31:08 PM,9/8/2026,3:14:38 PM,MTHIBAULT,9/8/2026,12:31:08 PM,BPARRISH,S280,40,EA,2001413983,62,0,1
1000000053762,,HS,POST,MI02,5009,1183-RNA-01-S,21230,Y000045122,FR,3,2,-1,1,EA,37.19,USD,BPARRISH,9/8/2026,2:05:03 PM,,-37.19,,,,9/8/2026,12:31:08 PM,9/8/2026,3:14:38 PM,MTHIBAULT,9/8/2026,12:31:08 PM,BPARRISH,S280,2,EA,2001413985,64,0,1
1000000053762,,HS,POST,MI02,5009,1183-RNA-01-S,21138,Y000041255,FR,3,4,1,1,EA,164.23,USD,BPARRISH,9/8/2026,2:05:03 PM,,164.23,,,,9/8/2026,12:31:08 PM,9/8/2026,3:14:38 PM,MTHIBAULT,9/8/2026,12:31:08 PM,BPARRISH,S280,4,EA,2001413990,69,0,1
1000000053762,,HS,POST,MI02,5009,1183-RNA-01-S,21134,Y000043408,FR,9,11,2,2,EA,237.92,USD,BPARRISH,9/8/2026,2:05:03 PM,,237.92,,,,9/8/2026,12:31:08 PM,9/8/2026,3:14:38 PM,MTHIBAULT,9/8/2026,12:31:08 PM,BPARRISH,S280,11,EA,2001413997,76,0,1
1000000053762,,HS,POST,MI02,5009,1183-RNA-01-S,21097,Y000048861,FR,6,5,-1,1,EA,273.57,USD,BPARRISH,9/8/2026,2:05:03 PM,,-273.57,,,,9/8/2026,12:31:08 PM,9/8/2026,3:14:38 PM,MTHIBAULT,9/8/2026,12:31:08 PM,BPARRISH,S280,5,EA,2001413999,78,0,1
1000000053762,,HS,POST,MI02,5009,1183-RNA-01-S,21053,Y000039207,FR,6,5,-1,1,EA,55.90,USD,BPARRISH,9/8/2026,2:05:03 PM,,-55.90,,,,9/8/2026,12:31:08 PM,9/8/2026,3:14:38 PM,MTHIBAULT,9/8/2026,12:31:08 PM,BPARRISH,S280,5,EA,2001414002,81,0,1
1000000053763,,HS,POST,MI02,5009,1268-RNA-01-S,20800,Y000045320,FR,0,1,1,1,EA,"22,400.00",USD,BPARRISH,9/8/2026,12:53:36 PM,,"22,400.00",,,,9/8/2026,12:52:15 PM,9/8/2026,12:55:05 PM,MTHIBAULT,9/8/2026,12:52:15 PM,BPARRISH,S280,1,EA,2001414008,1,0,1
1000000053767,1000000053766,HS,POST,OG1N,,OUT-STG-BIO-ROWC-N,21841,Y000035174,QP,"14,400","14,000",-400,400,EA,321.11,USD,TESCALANTE,9/8/2026,2:31:32 PM,103807771003428070,-321.11,,,,9/8/2026,2:24:27 PM,9/8/2026,2:33:12 PM,RPORTILLO,9/8/2026,2:24:27 PM,TESCALANTE,N113,"14,000",EA,2001414054,1,1,1
1000000053767,1000000053766,HS,POST,OG1N,,OUT-STG-BIO-ROWC-N,21841,Y000035174,QP,"14,300",0,"-14,300","14,300",EA,"11,479.75",USD,TESCALANTE,9/8/2026,2:31:32 PM,103807771003428179,"-11,479.75",,,X,9/8/2026,2:24:27 PM,9/8/2026,2:33:12 PM,RPORTILLO,9/8/2026,2:24:27 PM,TESCALANTE,N113,0,EA,2001414054,1,1,1
1000000053767,1000000053766,HS,POST,OG1N,,OUT-STG-BIO-ROWC-N,21841,Y000035174,QP,"14,300",0,"-14,300","14,300",EA,"11,479.75",USD,TESCALANTE,9/8/2026,2:31:32 PM,103807771003428209,"-11,479.75",,,X,9/8/2026,2:24:27 PM,9/8/2026,2:33:12 PM,RPORTILLO,9/8/2026,2:24:27 PM,TESCALANTE,N113,0,EA,2001414054,1,1,1
1000000053767,1000000053766,HS,POST,OG1N,,OUT-STG-BIO-ROWC-N,21841,Y000035174,QP,"14,400","14,000",-400,400,EA,321.11,USD,TESCALANTE,9/8/2026,2:31:32 PM,103807771003428186,-321.11,,,,9/8/2026,2:24:27 PM,9/8/2026,2:33:12 PM,RPORTILLO,9/8/2026,2:24:27 PM,TESCALANTE,N113,"14,000",EA,2001414054,1,1,1
1000000053767,1000000053766,HS,POST,OG1N,,OUT-STG-BIO-ROWC-N,21841,Y000035174,QP,"14,300",0,"-14,300","14,300",EA,"11,479.75",USD,TESCALANTE,9/8/2026,2:31:32 PM,103807771003428162,"-11,479.75",,,X,9/8/2026,2:24:27 PM,9/8/2026,2:33:12 PM,RPORTILLO,9/8/2026,2:24:27 PM,TESCALANTE,N113,0,EA,2001414054,1,1,1
1000000053768,,HS,POST,MI02,5009,1183-RNA-01-S,10099,Y000044741,FR,0,20,20,20,L,779.39,USD,BPARRISH,9/8/2026,3:15:55 PM,,779.39,,,,9/8/2026,3:12:54 PM,9/8/2026,5:05:43 PM,MTHIBAULT,9/8/2026,3:12:54 PM,BPARRISH,S280,20,L,2001414065,1,0,1
1000000053768,,HS,POST,MI02,5009,1183-RNA-01-S,10476,Y000024941,FR,0,498,498,498,ML,"4,357.50",USD,BPARRISH,9/8/2026,3:15:44 PM,,"4,357.50",,,,9/8/2026,3:12:54 PM,9/8/2026,5:05:43 PM,MTHIBAULT,9/8/2026,3:12:54 PM,BPARRISH,S280,498,ML,2001414066,2,0,1
1000000053768,,HS,POST,MI02,5009,1183-RNA-01-S,20007,2000723002,FR,0,1,1,1,EA,46.49,USD,BPARRISH,9/8/2026,3:15:25 PM,,46.49,,,,9/8/2026,3:12:54 PM,9/8/2026,5:05:43 PM,MTHIBAULT,9/8/2026,3:12:54 PM,BPARRISH,S280,1,EA,2001414067,3,0,1
1000000053768,,HS,POST,MI02,5009,1183-RNA-01-S,20008,Y000051159,FR,0,12,12,12,EA,77.44,USD,BPARRISH,9/8/2026,3:15:15 PM,,77.44,,,,9/8/2026,3:12:54 PM,9/8/2026,5:05:43 PM,MTHIBAULT,9/8/2026,3:12:54 PM,BPARRISH,S280,12,EA,2001414068,4,0,1
1000000053769,,HS,POST,MI02,5007,1311-LMX-01-S,10480,1048021044,FR,162.400,0,-162.400,162.400,G,600.88,USD,JPOTHIER,9/8/2026,5:46:01 PM,,-600.88,,,X,9/8/2026,5:45:03 PM,9/8/2026,6:12:58 PM,JKENT,9/8/2026,5:45:03 PM,JPOTHIER,S278,0,G,2001414078,3,0,1
1000000053769,,HS,POST,MI02,5007,1311-LMX-01-S,10480,1048022020,FR,353.400,0,-353.400,353.400,G,"1,307.58",USD,JPOTHIER,9/8/2026,5:46:01 PM,,"-1,307.58",,,X,9/8/2026,5:45:03 PM,9/8/2026,6:12:58 PM,JKENT,9/8/2026,5:45:03 PM,JPOTHIER,S278,0,G,2001414079,4,0,1
1000000053769,,HS,POST,MI02,5007,1311-LMX-01-S,10480,1048022021,FR,213,0,-213,213,G,788.10,USD,JPOTHIER,9/8/2026,5:46:01 PM,,-788.10,,,X,9/8/2026,5:45:03 PM,9/8/2026,6:12:58 PM,JKENT,9/8/2026,5:45:03 PM,JPOTHIER,S278,0,G,2001414080,5,0,1
1000000053769,,HS,POST,MI02,5007,1311-LMX-01-S,10480,1048022029,FR,577.300,198.200,-379.100,379.100,G,"1,402.67",USD,JPOTHIER,9/8/2026,5:46:01 PM,,"-1,402.67",,,,9/8/2026,5:45:03 PM,9/8/2026,6:12:58 PM,JKENT,9/8/2026,5:45:03 PM,JPOTHIER,S278,198.200,G,2001414081,6,0,1
1000000053769,,HS,POST,MI02,5007,1311-LMX-01-S,10480,1048022030,FR,5.900,0,-5.900,5.900,G,21.83,USD,JPOTHIER,9/8/2026,5:46:01 PM,,-21.83,,,X,9/8/2026,5:45:03 PM,9/8/2026,6:12:58 PM,JKENT,9/8/2026,5:45:03 PM,JPOTHIER,S278,0,G,2001414082,7,0,1
1000000053771,,HS,POST,NI02,5004,2239-DNA-01-S,10734,Y000048855,FR,10,375,365,365,ML,"44,866.82",USD,RMMARI,9/8/2026,9:35:46 PM,,"44,866.82",,,,9/8/2026,9:00:32 PM,9/10/2026,10:20:24 PM,ALEWIS2,9/8/2026,9:00:32 PM,RMMARI,S285,375,ML,2001414143,2,0,1
1000000053771,,HS,POST,NI02,5004,2239-DNA-01-S,10734,Y000043870,FR,20,50,30,30,ML,"3,687.68",USD,RMMARI,9/8/2026,9:35:46 PM,,"3,687.68",,,,9/8/2026,9:00:32 PM,9/8/2026,11:26:11 PM,HOSENI,9/8/2026,9:00:32 PM,RMMARI,S285,50,ML,2001414144,3,0,1
1000000053771,,HS,POST,NI02,5004,2239-DNA-01-S,10734,Y000043484,FR,53,75,22,22,ML,"2,704.30",USD,RMMARI,9/8/2026,9:35:46 PM,,"2,704.30",,,,9/8/2026,9:00:32 PM,9/8/2026,11:26:11 PM,HOSENI,9/8/2026,9:00:32 PM,RMMARI,S285,75,ML,2001414145,4,0,1
1000000053774,1000000053772,HS,POST,DG1S,1020,F1-05-03-03-S,A0270,Y000025609,BN,"1,151.680","1,432.370",280.690,280.690,G,"34,828.83",USD,RPIERCE,9/9/2026,9:34:06 AM,103807771002793810,"34,828.83",,,,9/8/2026,10:53:17 PM,9/10/2026,9:48:53 PM,RPORTILLO,9/8/2026,10:53:17 PM,RPORTILLO,S036,"1,432.370",G,2001414266,1,1,1
1000000053775,1000000053773,HL,POST,NI02,5004,2233-DNA-01-S,21487,Y000045832,FR,24,0,-24,24,EA,143.95,USD,VMASSE,9/8/2026,11:31:31 PM,,-143.95,,,,9/8/2026,11:23:19 PM,9/10/2026,8:20:01 AM,RTAVARES,9/8/2026,11:23:19 PM,CMCLEAN,S237,0.000,,2001414300,1,1,1
1000000053775,1000000053773,HL,POST,NI02,5004,2233-DNA-01-S,10229,Y000045810,FR,47,0,-47,47,ML,175.78,USD,VMASSE,9/8/2026,11:31:31 PM,,-175.78,,,,9/8/2026,11:23:19 PM,9/10/2026,8:20:01 AM,RTAVARES,9/8/2026,11:23:19 PM,CMCLEAN,S237,0.000,,2001414300,1,1,1
1000000053775,1000000053773,HL,POST,NI02,5004,2233-DNA-01-S,21692,Y000050060,FR,6,0,-6,6,EA,"9,420.63",USD,VMASSE,9/8/2026,11:31:31 PM,,"-9,420.63",,,,9/8/2026,11:23:19 PM,9/10/2026,8:20:01 AM,RTAVARES,9/8/2026,11:23:19 PM,CMCLEAN,S237,0.000,,2001414300,1,1,1
1000000053775,1000000053773,HL,POST,NI02,5004,2233-DNA-01-S,20700,Y000041359,FR,3,0,-3,3,EA,21.04,USD,VMASSE,9/8/2026,11:31:31 PM,,-21.04,,,,9/8/2026,11:23:19 PM,9/10/2026,8:20:01 AM,RTAVARES,9/8/2026,11:23:19 PM,CMCLEAN,S237,0.000,,2001414300,1,1,1
1000000053775,1000000053773,HL,POST,NI02,5004,2233-DNA-01-S,M0333,Y000038715,FR,0.850,0.000,-0.850,0.850,PK,"2,095.44",USD,VMASSE,9/8/2026,11:31:31 PM,,"-2,095.44",,,,9/8/2026,11:23:19 PM,9/10/2026,8:20:01 AM,RTAVARES,9/8/2026,11:23:19 PM,CMCLEAN,S237,0.000,,2001414300,1,1,1
1000000053775,1000000053773,HL,POST,NI02,5004,2233-DNA-01-S,21692,Y000050059,FR,3,0,-3,3,EA,"4,710.32",USD,VMASSE,9/8/2026,11:31:31 PM,,"-4,710.32",,,,9/8/2026,11:23:19 PM,9/10/2026,8:20:01 AM,RTAVARES,9/8/2026,11:23:19 PM,CMCLEAN,S237,0.000,,2001414300,1,1,1
1000000053775,1000000053773,HL,POST,NI02,5004,2233-DNA-01-S,21692,Y000037886,FR,5,0,-5,5,EA,"7,850.53",USD,VMASSE,9/8/2026,11:31:31 PM,,"-7,850.53",,,,9/8/2026,11:23:19 PM,9/10/2026,8:20:01 AM,RTAVARES,9/8/2026,11:23:19 PM,CMCLEAN,S237,0.000,,2001414300,1,1,1
1000000053775,1000000053773,HL,POST,NI02,5004,2233-DNA-01-S,21487,Y000044161,FR,5,28,23,23,EA,137.95,USD,VMASSE,9/8/2026,11:31:31 PM,,137.95,,,,9/8/2026,11:23:19 PM,9/10/2026,8:20:01 AM,RTAVARES,9/8/2026,11:23:19 PM,CMCLEAN,S237,28,EA,2001414300,1,1,1
1000000053775,1000000053773,HL,POST,NI02,5004,2233-DNA-01-S,21692,Y000024628,FR,2,15,13,13,EA,"20,411.37",USD,VMASSE,9/8/2026,11:31:31 PM,,"20,411.37",,,,9/8/2026,11:23:19 PM,9/10/2026,8:20:01 AM,RTAVARES,9/8/2026,11:23:19 PM,CMCLEAN,S237,15,EA,2001414300,1,1,1
1000000053775,1000000053773,HL,POST,NI02,5004,2233-DNA-01-S,10229,Y000038638,FR,43,90,47,47,ML,175.78,USD,VMASSE,9/8/2026,11:31:31 PM,,175.78,,,,9/8/2026,11:23:19 PM,9/10/2026,8:20:01 AM,RTAVARES,9/8/2026,11:23:19 PM,CMCLEAN,S237,90,ML,2001414300,1,1,1
1000000053775,1000000053773,HL,POST,NI02,5004,2233-DNA-01-S,21541,Y000041673,FR,1,0,-1,1,EA,92.46,USD,VMASSE,9/8/2026,11:31:31 PM,,-92.46,,,X,9/8/2026,11:23:19 PM,9/10/2026,8:20:01 AM,RTAVARES,9/8/2026,11:23:19 PM,CMCLEAN,S237,0,EA,2001414300,1,1,1
1000000053775,1000000053773,HL,POST,NI02,5004,2233-DNA-01-S,20700,Y000034990,FR,1,3,2,2,EA,14.02,USD,VMASSE,9/8/2026,11:31:31 PM,,14.02,,,,9/8/2026,11:23:19 PM,9/10/2026,8:20:01 AM,RTAVARES,9/8/2026,11:23:19 PM,CMCLEAN,S237,3,EA,2001414300,1,1,1
1000000053775,1000000053773,HL,POST,NI02,5004,2233-DNA-01-S,80000282,Y000034429,FR,1,2,1,1,EA,"2,690.32",USD,VMASSE,9/8/2026,11:31:31 PM,,"2,690.32",,,,9/8/2026,11:23:19 PM,9/10/2026,8:20:01 AM,RTAVARES,9/8/2026,11:23:19 PM,CMCLEAN,S237,2,EA,2001414300,1,1,1
1000000053775,1000000053773,HL,POST,NI02,5004,2233-DNA-01-S,M0333,Y000026302,FR,0.200,1.050,0.850,0.850,PK,"2,095.44",USD,VMASSE,9/8/2026,11:31:31 PM,,"2,095.44",,,,9/8/2026,11:23:19 PM,9/10/2026,8:20:01 AM,RTAVARES,9/8/2026,11:23:19 PM,CMCLEAN,S237,1.050,PK,2001414300,1,1,1
1000000053780,,HS,POST,MI02,5006,2258-INT-01-S,20862,Y000048360,FR,0,25,25,25,EA,"1,639.70",USD,DCOOPER3,9/9/2026,7:10:12 AM,,"1,639.70",,,,9/9/2026,7:09:45 AM,9/9/2026,7:13:31 AM,MPEREIRA,9/9/2026,7:09:45 AM,DCOOPER3,S277,25,EA,2001414449,1,0,1
1000000053782,1000000053781,HS,POST,DG1S,1020,H1-04-04-03-S,10690,Y000003660,BN,125,0,-125,125,ML,"3,978.75",USD,RPIERCE,9/9/2026,10:47:07 AM,103807771003427615,"-3,978.75",,,,9/9/2026,10:46:36 AM,9/18/2026,9:35:26 AM,RPORTILLO,9/9/2026,10:46:36 AM,RPIERCE,S036,0.000,,2001414661,1,1,1
1000000053783,,HS,POST,NI02,5004,2239-DNA-01-S,20522,Y000024287,FR,4,6,2,2,EA,203.32,USD,RQUINLAN1,9/10/2026,8:28:23 AM,,203.32,,,,9/10/2026,8:19:23 AM,9/10/2026,8:39:38 AM,RTAVARES,9/10/2026,8:19:23 AM,RQUINLAN1,S285,6,EA,2001415405,2,0,1
1000000053783,,HS,POST,NI02,5004,2239-DNA-01-S,20692,Y000045446,FR,1,0,-1,1,EA,122.71,USD,RQUINLAN1,9/10/2026,8:28:23 AM,,-122.71,,,X,9/10/2026,8:19:23 AM,9/10/2026,8:39:38 AM,RTAVARES,9/10/2026,8:19:23 AM,RQUINLAN1,S285,0,EA,2001415406,3,0,1
1000000053783,,HS,POST,NI02,5004,2239-DNA-01-S,20692,Y000042395,FR,3,0,-3,3,EA,368.13,USD,RQUINLAN1,9/10/2026,8:28:23 AM,,-368.13,,,X,9/10/2026,8:19:23 AM,9/10/2026,8:39:38 AM,RTAVARES,9/10/2026,8:19:23 AM,RQUINLAN1,S285,0,EA,2001415407,4,0,1
1000000053783,,HS,POST,NI02,5004,2239-DNA-01-S,20008,Y000051159,FR,34,33,-1,1,EA,6.45,USD,RQUINLAN1,9/10/2026,8:28:23 AM,,-6.45,,,,9/10/2026,8:19:23 AM,9/10/2026,8:39:38 AM,RTAVARES,9/10/2026,8:19:23 AM,RQUINLAN1,S285,33,EA,2001415408,5,0,1
1000000053783,,HS,POST,NI02,5004,2239-DNA-01-S,20010,2001022028,FR,10,8,-2,2,EA,160.47,USD,RQUINLAN1,9/10/2026,8:28:23 AM,,-160.47,,,,9/10/2026,8:19:23 AM,9/10/2026,8:39:38 AM,RTAVARES,9/10/2026,8:19:23 AM,RQUINLAN1,S285,8,EA,2001415409,6,0,1
1000000053783,,HS,POST,NI02,5004,2239-DNA-01-S,20593,Y000031170,FR,3,2,-1,1,EA,296.67,USD,RQUINLAN1,9/10/2026,8:28:23 AM,,-296.67,,,,9/10/2026,8:19:23 AM,9/10/2026,8:39:38 AM,RTAVARES,9/10/2026,8:19:23 AM,RQUINLAN1,S285,2,EA,2001415410,7,0,1
1000000053783,,HS,POST,NI02,5004,2239-DNA-01-S,21352,Y000047802,FR,10,8,-2,2,EA,377.82,USD,RQUINLAN1,9/10/2026,8:28:23 AM,,-377.82,,,,9/10/2026,8:19:23 AM,9/10/2026,8:39:38 AM,RTAVARES,9/10/2026,8:19:23 AM,RQUINLAN1,S285,8,EA,2001415411,8,0,1
1000000053783,,HS,POST,NI02,5004,2239-DNA-01-S,21134,Y000043406,FR,1,0,-1,1,EA,118.96,USD,RQUINLAN1,9/10/2026,8:28:23 AM,,-118.96,,,X,9/10/2026,8:19:23 AM,9/10/2026,8:39:38 AM,RTAVARES,9/10/2026,8:19:23 AM,RQUINLAN1,S285,0,EA,2001415412,9,0,1
1000000053783,,HS,POST,NI02,5004,2239-DNA-01-S,21112,Y000052053,FR,1,0,-1,1,EA,250.98,USD,RQUINLAN1,9/10/2026,8:28:23 AM,,-250.98,,,X,9/10/2026,8:19:23 AM,9/10/2026,8:39:38 AM,RTAVARES,9/10/2026,8:19:23 AM,RQUINLAN1,S285,0,EA,2001415413,10,0,1
1000000053783,,HS,POST,NI02,5004,2239-DNA-01-S,21804,Y000045470,FR,1,0,-1,1,EA,"10,600.00",USD,RQUINLAN1,9/10/2026,8:28:23 AM,,"-10,600.00",,,X,9/10/2026,8:19:23 AM,9/10/2026,8:39:38 AM,RTAVARES,9/10/2026,8:19:23 AM,RQUINLAN1,S285,0,EA,2001415414,11,0,1
1000000053784,,HS,POST,NI02,5004,2234-DNA-01-S,10412,Y000039893,FR,"1,800",0,"-1,800","1,800",ML,297.14,USD,MNASUTI,9/10/2026,10:42:48 AM,,-297.14,,,X,9/10/2026,9:07:55 AM,9/10/2026,11:05:31 AM,LKEBER,9/10/2026,9:07:55 AM,MNASUTI,S237,0,ML,2001415428,4,0,1
1000000053784,,HS,POST,NI02,5004,2234-DNA-01-S,10412,Y000043856,FR,225,0,-225,225,ML,37.14,USD,MNASUTI,9/10/2026,10:42:48 AM,,-37.14,,,X,9/10/2026,9:07:55 AM,9/10/2026,11:05:31 AM,LKEBER,9/10/2026,9:07:55 AM,MNASUTI,S237,0,ML,2001415429,5,0,1
1000000053784,,HS,POST,NI02,5004,2234-DNA-01-S,10412,Y000040079,FR,"2,250",0,"-2,250","2,250",ML,371.43,USD,MNASUTI,9/10/2026,10:42:48 AM,,-371.43,,,X,9/10/2026,9:07:55 AM,9/10/2026,11:05:31 AM,LKEBER,9/10/2026,9:07:55 AM,MNASUTI,S237,0,ML,2001415430,6,0,1
1000000053784,,HS,POST,NI02,5004,2234-DNA-01-S,10412,Y000037162,FR,950,0,-950,950,ML,156.83,USD,MNASUTI,9/10/2026,10:42:48 AM,,-156.83,,,X,9/10/2026,9:07:55 AM,9/10/2026,11:05:31 AM,LKEBER,9/10/2026,9:07:55 AM,MNASUTI,S237,0,ML,2001415431,7,0,1
1000000053784,,HS,POST,NI02,5004,2234-DNA-01-S,10229,Y000038638,FR,45.500,89,43.500,43.500,ML,162.69,USD,MNASUTI,9/10/2026,10:42:48 AM,,162.69,,,,9/10/2026,9:07:55 AM,9/10/2026,11:05:31 AM,LKEBER,9/10/2026,9:07:55 AM,MNASUTI,S237,89,ML,2001415435,11,0,1
1000000053784,,HS,POST,NI02,5004,2234-DNA-01-S,20915,Y000031935,FR,0.000,1.000,1.000,1.000,PK,27.96,USD,MNASUTI,9/10/2026,10:40:51 AM,,27.96,,,,9/10/2026,9:07:55 AM,9/10/2026,11:05:31 AM,LKEBER,9/10/2026,9:07:55 AM,MNASUTI,S237,1.000,PK,2001415438,14,0,1
1000000053784,,HS,POST,NI02,5004,2234-DNA-01-S,20891,Y000047364,FR,5,4,-1,1,EA,0.73,USD,MNASUTI,9/10/2026,10:38:41 AM,,-0.73,,,,9/10/2026,9:07:55 AM,9/10/2026,11:05:31 AM,LKEBER,9/10/2026,9:07:55 AM,MNASUTI,S237,4,EA,2001415439,15,0,1
1000000053784,,HS,POST,NI02,5004,2234-DNA-01-S,10246,Y000031297,FR,0,2,2,2,ML,25.72,USD,MNASUTI,9/10/2026,10:37:54 AM,,25.72,,,,9/10/2026,9:07:55 AM,9/10/2026,11:05:31 AM,LKEBER,9/10/2026,9:07:55 AM,MNASUTI,S237,2,ML,2001415440,16,0,1
1000000053784,,HS,POST,NI02,5004,2234-DNA-01-S,20915,Y000038175,FR,0.000,1.000,1.000,1.000,PK,27.96,USD,MNASUTI,9/10/2026,10:37:54 AM,,27.96,,,,9/10/2026,9:07:55 AM,9/10/2026,11:05:31 AM,LKEBER,9/10/2026,9:07:55 AM,MNASUTI,S237,1.000,PK,2001415440,16,0,1
1000000053784,,HS,POST,NI02,5004,2234-DNA-01-S,20891,Y000021125,FR,11,12,1,1,EA,0.73,USD,MNASUTI,9/10/2026,10:34:43 AM,,0.73,,,,9/10/2026,9:07:55 AM,9/10/2026,11:05:31 AM,LKEBER,9/10/2026,9:07:55 AM,MNASUTI,S237,12,EA,2001415442,18,0,1
1000000053784,,HS,POST,NI02,5004,2234-DNA-01-S,20862,Y000048360,FR,4,0,-4,4,EA,262.35,USD,MNASUTI,9/10/2026,10:42:48 AM,,-262.35,,,X,9/10/2026,9:07:55 AM,9/10/2026,11:05:31 AM,LKEBER,9/10/2026,9:07:55 AM,MNASUTI,S237,0,EA,2001415444,20,0,1
1000000053784,,HS,POST,NI02,5004,2234-DNA-01-S,20862,Y000048156,FR,8,0,-8,8,EA,524.70,USD,MNASUTI,9/10/2026,10:42:48 AM,,-524.70,,,X,9/10/2026,9:07:55 AM,9/10/2026,11:05:31 AM,LKEBER,9/10/2026,9:07:55 AM,MNASUTI,S237,0,EA,2001415445,21,0,1
1000000053784,,HS,POST,NI02,5004,2234-DNA-01-S,20862,Y000047907,FR,16,0,-16,16,EA,"1,049.41",USD,MNASUTI,9/10/2026,10:42:48 AM,,"-1,049.41",,,X,9/10/2026,9:07:55 AM,9/10/2026,11:05:31 AM,LKEBER,9/10/2026,9:07:55 AM,MNASUTI,S237,0,EA,2001415446,22,0,1
1000000053784,,HS,POST,NI02,5004,2234-DNA-01-S,20862,Y000039903,FR,8,0,-8,8,EA,524.70,USD,MNASUTI,9/10/2026,10:42:48 AM,,-524.70,,,X,9/10/2026,9:07:55 AM,9/10/2026,11:05:31 AM,LKEBER,9/10/2026,9:07:55 AM,MNASUTI,S237,0,EA,2001415447,23,0,1
1000000053784,,HS,POST,NI02,5004,2234-DNA-01-S,20779,Y000029423,FR,5.000,0.000,-5.000,5.000,PK,126.99,USD,MNASUTI,9/10/2026,10:42:48 AM,,-126.99,,,X,9/10/2026,9:07:55 AM,9/10/2026,11:05:31 AM,LKEBER,9/10/2026,9:07:55 AM,MNASUTI,S237,0.000,PK,2001415448,24,0,1
1000000053784,,HS,POST,NI02,5004,2234-DNA-01-S,10257,Y000046272,FR,"3,290",0,"-3,290","3,290",ML,506.66,USD,MNASUTI,9/10/2026,10:42:48 AM,,-506.66,,,X,9/10/2026,9:07:55 AM,9/10/2026,11:05:31 AM,LKEBER,9/10/2026,9:07:55 AM,MNASUTI,S237,0,ML,2001415451,27,0,1
1000000053784,,HS,POST,NI02,5004,2234-DNA-01-S,10226,Y000017176,FR,100,0,-100,100,ML,24.90,USD,MNASUTI,9/10/2026,10:42:48 AM,,-24.90,,,X,9/10/2026,9:07:55 AM,9/10/2026,11:05:31 AM,LKEBER,9/10/2026,9:07:55 AM,MNASUTI,S237,0,ML,2001415452,28,0,1
1000000053784,,HS,POST,NI02,5004,2234-DNA-01-S,20702,Y000041368,FR,1,0,-1,1,EA,19.92,USD,MNASUTI,9/10/2026,10:42:48 AM,,-19.92,,,X,9/10/2026,9:07:55 AM,9/10/2026,11:05:31 AM,LKEBER,9/10/2026,9:07:55 AM,MNASUTI,S237,0,EA,2001415453,29,0,1
1000000053784,,HS,POST,NI02,5004,2234-DNA-01-S,20832,Y000032133,FR,1,0,-1,1,EA,8.70,USD,MNASUTI,9/10/2026,10:42:48 AM,,-8.70,,,X,9/10/2026,9:07:55 AM,9/10/2026,11:05:31 AM,LKEBER,9/10/2026,9:07:55 AM,MNASUTI,S237,0,EA,2001415455,31,0,1
1000000053785,,HL,POST,DG1N,1001,B1-11-03-02-N,21841,Y000035174,QP,"14,000","56,900","42,900","42,900",EA,"34,439.26",USD,DCRAVEN,9/10/2026,9:53:16 AM,103807771003428186,"34,439.26",,,,9/10/2026,9:51:43 AM,9/10/2026,9:53:44 AM,DCRAVEN,9/10/2026,9:51:43 AM,DCRAVEN,N033,"56,900",EA,2001415605,1,0,1
1000000053786,,HS,POST,MI02,5001,1276-BUF-01-S,10072,1007222020,FR,0,3.332,3.332,3.332,KG,28.94,USD,NKUPFERMAN,9/10/2026,12:49:40 PM,,28.94,,,,9/10/2026,12:33:19 PM,9/10/2026,1:11:51 PM,FWONG,9/10/2026,12:33:19 PM,NKUPFERMAN,S272,3.332,KG,2001415573,1,0,1
1000000053786,,HS,POST,MI02,5001,1276-BUF-01-S,20011,Y000046499,FR,0,1,1,1,EA,95.87,USD,NKUPFERMAN,9/10/2026,12:49:40 PM,,95.87,,,,9/10/2026,12:33:19 PM,9/10/2026,1:11:51 PM,FWONG,9/10/2026,12:33:19 PM,NKUPFERMAN,S272,1,EA,2001415574,2,0,1
1000000053786,,HS,POST,MI02,5001,1276-BUF-01-S,21267,Y000048860,FR,0,6,6,6,EA,"1,386.48",USD,NKUPFERMAN,9/10/2026,12:49:40 PM,,"1,386.48",,,,9/10/2026,12:33:19 PM,9/10/2026,1:11:51 PM,FWONG,9/10/2026,12:33:19 PM,NKUPFERMAN,S272,6,EA,2001415575,3,0,1
1000000053789,1000000053788,HL,POST,MI02,5002,1332-SSO-01-S,83000364,Y000048416,FR,0.280,0.790,0.510,0.510,L,"10,470.35",USD,JRYAN1,9/10/2026,3:25:33 PM,,"10,470.35",,,X,9/10/2026,3:05:24 PM,9/10/2026,4:45:01 PM,LKEBER,9/10/2026,3:05:24 PM,LKEBER,S273,0.790,L,2001415695,1,1,1
1000000053789,1000000053788,HL,POST,MI02,5002,1332-SSO-01-S,83000367,Y000050695,FR,12.260,16.390,4.130,4.130,L,"6,171.42",USD,JRYAN1,9/10/2026,3:25:33 PM,,"6,171.42",,,X,9/10/2026,3:05:24 PM,9/10/2026,4:45:01 PM,LKEBER,9/10/2026,3:05:24 PM,LKEBER,S273,16.390,L,2001415695,1,1,1
1000000053789,1000000053788,HL,POST,MI02,5002,1332-SSO-01-S,83000362,Y000048616,FR,1.320,9.340,8.020,8.020,L,"18,524.11",USD,JRYAN1,9/10/2026,3:25:33 PM,,"18,524.11",,,X,9/10/2026,3:05:24 PM,9/10/2026,4:45:01 PM,LKEBER,9/10/2026,3:05:24 PM,LKEBER,S273,9.340,L,2001415695,1,1,1
1000000053789,1000000053788,HL,POST,MI02,5002,1332-SSO-01-S,20921,Y000049304,FR,2,1,-1,1,EA,586.20,USD,JRYAN1,9/10/2026,3:25:33 PM,,-586.20,,,,9/10/2026,3:05:24 PM,9/10/2026,4:45:01 PM,LKEBER,9/10/2026,3:05:24 PM,LKEBER,S273,1,EA,2001415695,1,1,1
1000000053789,1000000053788,HL,POST,MI02,5002,1332-SSO-01-S,20920,Y000029098,FR,5,15,10,10,EA,"1,341.60",USD,JRYAN1,9/10/2026,3:25:33 PM,,"1,341.60",,,,9/10/2026,3:05:24 PM,9/10/2026,4:45:01 PM,LKEBER,9/10/2026,3:05:24 PM,LKEBER,S273,15,EA,2001415695,1,1,1
1000000053789,1000000053788,HL,POST,MI02,5002,1332-SSO-01-S,20899,Y000024685,FR,1,0,-1,1,EA,943.69,USD,JRYAN1,9/10/2026,3:25:33 PM,,-943.69,,,X,9/10/2026,3:05:24 PM,9/10/2026,4:45:01 PM,LKEBER,9/10/2026,3:05:24 PM,LKEBER,S273,0,EA,2001415695,1,1,1
1000000053789,1000000053788,HL,POST,MI02,5002,1332-SSO-01-S,53000198,Y000034845,FR,4.550,0,-4.550,4.550,L,"5,658.43",USD,JRYAN1,9/10/2026,3:25:33 PM,,"-5,658.43",,,X,9/10/2026,3:05:24 PM,9/10/2026,4:45:01 PM,LKEBER,9/10/2026,3:05:24 PM,LKEBER,S273,0,L,2001415695,1,1,1
1000000053789,1000000053788,HL,POST,MI02,5002,1332-SSO-01-S,21693,Y000038100,FR,2,0,-2,2,EA,"1,114.94",USD,JRYAN1,9/10/2026,3:25:33 PM,,"-1,114.94",,,X,9/10/2026,3:05:24 PM,9/10/2026,4:45:01 PM,LKEBER,9/10/2026,3:05:24 PM,LKEBER,S273,0,EA,2001415695,1,1,1
1000000053789,1000000053788,HL,POST,MI02,5002,1332-SSO-01-S,20920,Y000030628,FR,8,0,-8,8,EA,"1,073.28",USD,JRYAN1,9/10/2026,3:25:33 PM,,"-1,073.28",,,,9/10/2026,3:05:24 PM,9/10/2026,4:45:01 PM,LKEBER,9/10/2026,3:05:24 PM,LKEBER,S273,0.000,,2001415695,1,1,1
1000000053789,1000000053788,HL,POST,MI02,5002,1332-SSO-01-S,83000367,Y000051567,FR,1.980,0,-1.980,1.980,L,"2,958.69",USD,JRYAN1,9/10/2026,3:25:33 PM,,"-2,958.69",,,,9/10/2026,3:05:24 PM,9/10/2026,4:45:01 PM,LKEBER,9/10/2026,3:05:24 PM,LKEBER,S273,0.000,,2001415695,1,1,1
1000000053789,1000000053788,HL,POST,MI02,5002,1332-SSO-01-S,83000364,Y000051244,FR,0.400,0,-0.400,0.400,L,"8,212.04",USD,JRYAN1,9/10/2026,3:25:33 PM,,"-8,212.04",,,,9/10/2026,3:05:24 PM,9/10/2026,4:45:01 PM,LKEBER,9/10/2026,3:05:24 PM,LKEBER,S273,0.000,,2001415695,1,1,1
1000000053789,1000000053788,HL,POST,MI02,5002,1332-SSO-01-S,83000363,Y000051240,FR,4.510,0,-4.510,4.510,L,"14,328.50",USD,JRYAN1,9/10/2026,3:25:33 PM,,"-14,328.50",,,,9/10/2026,3:05:24 PM,9/10/2026,4:45:01 PM,LKEBER,9/10/2026,3:05:24 PM,LKEBER,S273,0.000,,2001415695,1,1,1
1000000053789,1000000053788,HL,POST,MI02,5002,1332-SSO-01-S,83000362,Y000051157,FR,2.620,0,-2.620,2.620,L,"6,051.52",USD,JRYAN1,9/10/2026,3:25:33 PM,,"-6,051.52",,,,9/10/2026,3:05:24 PM,9/10/2026,4:45:01 PM,LKEBER,9/10/2026,3:05:24 PM,LKEBER,S273,0.000,,2001415695,1,1,1
1000000053789,1000000053788,HL,POST,MI02,5002,1332-SSO-01-S,53000293,Y000050280,FR,0.213,0,-0.213,0.213,L,"6,151.19",USD,JRYAN1,9/10/2026,3:25:33 PM,,"-6,151.19",,,,9/10/2026,3:05:24 PM,9/10/2026,4:45:01 PM,LKEBER,9/10/2026,3:05:24 PM,LKEBER,S273,0.000,,2001415695,1,1,1
1000000053789,1000000053788,HL,POST,MI02,5002,1332-SSO-01-S,20003,Y000043752,FR,19,0,-19,19,EA,31.60,USD,JRYAN1,9/10/2026,3:25:33 PM,,-31.60,,,,9/10/2026,3:05:24 PM,9/10/2026,4:45:01 PM,LKEBER,9/10/2026,3:05:24 PM,LKEBER,S273,0.000,,2001415695,1,1,1
1000000053789,1000000053788,HL,POST,MI02,5002,1332-SSO-01-S,10937,Y000041193,FR,1.725,0,-1.725,1.725,L,"1,075.43",USD,JRYAN1,9/10/2026,3:25:33 PM,,"-1,075.43",,,,9/10/2026,3:05:24 PM,9/10/2026,4:45:01 PM,LKEBER,9/10/2026,3:05:24 PM,LKEBER,S273,0.000,,2001415695,1,1,1
1000000053789,1000000053788,HL,POST,MI02,5002,1332-SSO-01-S,20803,Y000017609,FR,1,0,-1,1,EA,361.95,USD,JRYAN1,9/10/2026,3:25:33 PM,,-361.95,,,,9/10/2026,3:05:24 PM,9/10/2026,4:45:01 PM,LKEBER,9/10/2026,3:05:24 PM,LKEBER,S273,0.000,,2001415695,1,1,1
1000000053789,1000000053788,HL,POST,MI02,5002,1332-SSO-01-S,83000367,Y000052853,FR,10.030,0,-10.030,10.030,L,"14,987.73",USD,JRYAN1,9/10/2026,3:25:33 PM,,"-14,987.73",,,,9/10/2026,3:05:24 PM,9/10/2026,4:45:01 PM,LKEBER,9/10/2026,3:05:24 PM,LKEBER,S273,0.000,,2001415695,1,1,1
1000000053789,1000000053788,HL,POST,MI02,5002,1332-SSO-01-S,10937,Y000049360,FR,1,0,-1,1,L,623.44,USD,JRYAN1,9/10/2026,3:25:33 PM,,-623.44,,,,9/10/2026,3:05:24 PM,9/10/2026,4:45:01 PM,LKEBER,9/10/2026,3:05:24 PM,LKEBER,S273,0.000,,2001415695,1,1,1
1000000053789,1000000053788,HL,POST,MI02,5002,1332-SSO-01-S,53000293,Y000051239,FR,0.342,0,-0.342,0.342,L,"9,876.55",USD,JRYAN1,9/10/2026,3:25:33 PM,,"-9,876.55",,,,9/10/2026,3:05:24 PM,9/10/2026,4:45:01 PM,LKEBER,9/10/2026,3:05:24 PM,LKEBER,S273,0.000,,2001415695,1,1,1
1000000053789,1000000053788,HL,POST,MI02,5002,1332-SSO-01-S,83000367,Y000051235,FR,7.370,0,-7.370,7.370,L,"11,012.92",USD,JRYAN1,9/10/2026,3:25:33 PM,,"-11,012.92",,,,9/10/2026,3:05:24 PM,9/10/2026,4:45:01 PM,LKEBER,9/10/2026,3:05:24 PM,LKEBER,S273,0.000,,2001415695,1,1,1
1000000053789,1000000053788,HL,POST,MI02,5002,1332-SSO-01-S,83000369,Y000051203,FR,0.975,0,-0.975,0.975,L,"16,261.56",USD,JRYAN1,9/10/2026,3:25:33 PM,,"-16,261.56",,,,9/10/2026,3:05:24 PM,9/10/2026,4:45:01 PM,LKEBER,9/10/2026,3:05:24 PM,LKEBER,S273,0.000,,2001415695,1,1,1
1000000053789,1000000053788,HL,POST,MI02,5002,1332-SSO-01-S,20779,Y000045918,FR,21.000,0.000,-21.000,21.000,PK,533.35,USD,JRYAN1,9/10/2026,3:25:33 PM,,-533.35,,,,9/10/2026,3:05:24 PM,9/10/2026,4:45:01 PM,LKEBER,9/10/2026,3:05:24 PM,LKEBER,S273,0.000,,2001415695,1,1,1
1000000053789,1000000053788,HL,POST,MI02,5002,1332-SSO-01-S,21487,Y000045832,FR,10,0,-10,10,EA,59.98,USD,JRYAN1,9/10/2026,3:25:33 PM,,-59.98,,,,9/10/2026,3:05:24 PM,9/10/2026,4:45:01 PM,LKEBER,9/10/2026,3:05:24 PM,LKEBER,S273,0.000,,2001415695,1,1,1
1000000053789,1000000053788,HL,POST,MI02,5002,1332-SSO-01-S,53000198,Y000049833,FR,1.350,0,-1.350,1.350,L,"1,678.87",USD,JRYAN1,9/10/2026,3:25:33 PM,,"-1,678.87",,,,9/10/2026,3:05:24 PM,9/10/2026,4:45:01 PM,LKEBER,9/10/2026,3:05:24 PM,LKEBER,S273,0.000,,2001415695,1,1,1
1000000053789,1000000053788,HL,POST,MI02,5002,1332-SSO-01-S,53000198,Y000048740,FR,8.920,0,-8.920,8.920,L,"11,093.00",USD,JRYAN1,9/10/2026,3:25:33 PM,,"-11,093.00",,,,9/10/2026,3:05:24 PM,9/10/2026,4:45:01 PM,LKEBER,9/10/2026,3:05:24 PM,LKEBER,S273,0.000,,2001415695,1,1,1
1000000053789,1000000053788,HL,POST,MI02,5002,1332-SSO-01-S,20131,Y000047439,FR,1,0,-1,1,EA,70.00,USD,JRYAN1,9/10/2026,3:25:33 PM,,-70.00,,,,9/10/2026,3:05:24 PM,9/10/2026,4:45:01 PM,LKEBER,9/10/2026,3:05:24 PM,LKEBER,S273,0.000,,2001415695,1,1,1
1000000053789,1000000053788,HL,POST,MI02,5002,1332-SSO-01-S,53000293,Y000048256,FR,0.135,0,-0.135,0.135,L,"3,898.64",USD,JRYAN1,9/10/2026,3:25:33 PM,,"-3,898.64",,,,9/10/2026,3:05:24 PM,9/10/2026,4:45:01 PM,LKEBER,9/10/2026,3:05:24 PM,LKEBER,S273,0.000,,2001415695,1,1,1
1000000053789,1000000053788,HL,POST,MI02,5002,1332-SSO-01-S,83000364,Y000051007,FR,0.430,0,-0.430,0.430,L,"8,827.94",USD,JRYAN1,9/10/2026,3:25:33 PM,,"-8,827.94",,,,9/10/2026,3:05:24 PM,9/10/2026,4:45:01 PM,LKEBER,9/10/2026,3:05:24 PM,LKEBER,S273,0.000,,2001415695,1,1,1
1000000053789,1000000053788,HL,POST,MI02,5002,1332-SSO-01-S,21463,2146323007,FR,4,0,-4,4,EA,7.83,USD,JRYAN1,9/10/2026,3:25:33 PM,,-7.83,,,X,9/10/2026,3:05:24 PM,9/10/2026,4:45:01 PM,LKEBER,9/10/2026,3:05:24 PM,LKEBER,S273,0,EA,2001415695,1,1,1
1000000053789,1000000053788,HL,POST,MI02,5002,1332-SSO-01-S,10201,Y000020931,FR,"3,120","3,500",380,380,ML,211.28,USD,JRYAN1,9/10/2026,3:25:33 PM,,211.28,,,,9/10/2026,3:05:24 PM,9/10/2026,4:45:01 PM,LKEBER,9/10/2026,3:05:24 PM,LKEBER,S273,"3,500",ML,2001415695,1,1,1
1000000053789,1000000053788,HL,POST,MI02,5002,1332-SSO-01-S,20700,Y000041366,FR,1,0,-1,1,EA,7.01,USD,JRYAN1,9/10/2026,3:25:33 PM,,-7.01,,,X,9/10/2026,3:05:24 PM,9/10/2026,4:45:01 PM,LKEBER,9/10/2026,3:05:24 PM,LKEBER,S273,0,EA,2001415695,1,1,1
1000000053789,1000000053788,HL,POST,MI02,5002,1332-SSO-01-S,21630,Y000040424,FR,1,0,-1,1,EA,354.32,USD,JRYAN1,9/10/2026,3:25:33 PM,,-354.32,,,X,9/10/2026,3:05:24 PM,9/10/2026,4:45:01 PM,LKEBER,9/10/2026,3:05:24 PM,LKEBER,S273,0,EA,2001415695,1,1,1
1000000053789,1000000053788,HL,POST,MI02,5002,1332-SSO-01-S,20681,Y000034381,FR,47,46,-1,1,EA,1.97,USD,JRYAN1,9/10/2026,3:25:33 PM,,-1.97,,,,9/10/2026,3:05:24 PM,9/10/2026,4:45:01 PM,LKEBER,9/10/2026,3:05:24 PM,LKEBER,S273,46,EA,2001415695,1,1,1
1000000053789,1000000053788,HL,POST,MI02,5002,1332-SSO-01-S,20713,2071324001,FR,2,1,-1,1,EA,116.96,USD,JRYAN1,9/10/2026,3:25:33 PM,,-116.96,,,X,9/10/2026,3:05:24 PM,9/10/2026,4:45:01 PM,LKEBER,9/10/2026,3:05:24 PM,LKEBER,S273,1,EA,2001415695,1,1,1
1000000053789,1000000053788,HL,POST,MI02,5002,1332-SSO-01-S,20966,Y000041508,FR,1,0,-1,1,EA,333.40,USD,JRYAN1,9/10/2026,3:25:33 PM,,-333.40,,,X,9/10/2026,3:05:24 PM,9/10/2026,4:45:01 PM,LKEBER,9/10/2026,3:05:24 PM,LKEBER,S273,0,EA,2001415695,1,1,1
1000000053789,1000000053788,HL,POST,MI02,5002,1332-SSO-01-S,20005,Y000042220,FR,12,0,-12,12,EA,65.55,USD,JRYAN1,9/10/2026,3:25:33 PM,,-65.55,,,X,9/10/2026,3:05:24 PM,9/10/2026,4:45:01 PM,LKEBER,9/10/2026,3:05:24 PM,LKEBER,S273,0,EA,2001415695,1,1,1
1000000053789,1000000053788,HL,POST,MI02,5002,1332-SSO-01-S,53000293,Y000045091,FR,0.278,0.570,0.292,0.292,L,"8,432.61",USD,JRYAN1,9/10/2026,3:25:33 PM,,"8,432.61",,,X,9/10/2026,3:05:24 PM,9/10/2026,4:45:01 PM,LKEBER,9/10/2026,3:05:24 PM,LKEBER,S273,0.570,L,2001415695,1,1,1
1000000053789,1000000053788,HL,POST,MI02,5002,1332-SSO-01-S,21628,Y000043423,FR,6,0,-6,6,EA,4.72,USD,JRYAN1,9/10/2026,3:25:33 PM,,-4.72,,,X,9/10/2026,3:05:24 PM,9/10/2026,4:45:01 PM,LKEBER,9/10/2026,3:05:24 PM,LKEBER,S273,0,EA,2001415695,1,1,1
1000000053789,1000000053788,HL,POST,MI02,5002,1332-SSO-01-S,B0435,Y000050878,FR,1.300,0.500,-0.800,0.800,L,"2,747.79",USD,JRYAN1,9/10/2026,3:25:33 PM,,"-2,747.79",,,,9/10/2026,3:05:24 PM,9/10/2026,4:45:01 PM,LKEBER,9/10/2026,3:05:24 PM,LKEBER,S273,0.500,L,2001415695,1,1,1
1000000053789,1000000053788,HL,POST,MI02,5002,1332-SSO-01-S,20131,Y000042563,FR,2,1,-1,1,EA,70.00,USD,JRYAN1,9/10/2026,3:25:33 PM,,-70.00,,,X,9/10/2026,3:05:24 PM,9/10/2026,4:45:01 PM,LKEBER,9/10/2026,3:05:24 PM,LKEBER,S273,1,EA,2001415695,1,1,1
1000000053789,1000000053788,HL,POST,MI02,5002,1332-SSO-01-S,83000363,Y000050641,FR,4.500,3.010,-1.490,1.490,L,"4,733.80",USD,JRYAN1,9/10/2026,3:25:33 PM,,"-4,733.80",,,,9/10/2026,3:05:24 PM,9/10/2026,4:45:01 PM,LKEBER,9/10/2026,3:05:24 PM,LKEBER,S273,3.010,L,2001415695,1,1,1
1000000053789,1000000053788,HL,POST,MI02,5002,1332-SSO-01-S,20731,Y000010300,FR,2,1,-1,1,EA,752.39,USD,JRYAN1,9/10/2026,3:25:33 PM,,-752.39,,,,9/10/2026,3:05:24 PM,9/10/2026,4:45:01 PM,LKEBER,9/10/2026,3:05:24 PM,LKEBER,S273,1,EA,2001415695,1,1,1
1000000053789,1000000053788,HL,POST,MI02,5002,1332-SSO-01-S,10937,Y000024491,FR,5.650,1,-4.650,4.650,L,"2,899.00",USD,JRYAN1,9/10/2026,3:25:33 PM,,"-2,899.00",,,X,9/10/2026,3:05:24 PM,9/10/2026,4:45:01 PM,LKEBER,9/10/2026,3:05:24 PM,LKEBER,S273,1,L,2001415695,1,1,1
1000000053789,1000000053788,HL,POST,MI02,5002,1332-SSO-01-S,10227,Y000034676,FR,"5,580",0,"-5,580","5,580",ML,530.66,USD,JRYAN1,9/10/2026,3:25:33 PM,,-530.66,,,X,9/10/2026,3:05:24 PM,9/10/2026,4:45:01 PM,LKEBER,9/10/2026,3:05:24 PM,LKEBER,S273,0,ML,2001415695,1,1,1
1000000053789,1000000053788,HL,POST,MI02,5002,1332-SSO-01-S,21889,Y000018714,FR,15,0,-15,15,EA,210.78,USD,JRYAN1,9/10/2026,3:25:33 PM,,-210.78,,,X,9/10/2026,3:05:24 PM,9/10/2026,4:45:01 PM,LKEBER,9/10/2026,3:05:24 PM,LKEBER,S273,0,EA,2001415695,1,1,1
1000000053789,1000000053788,HL,POST,MI02,5002,1332-SSO-01-S,20965,Y000027142,FR,1,0,-1,1,EA,261.58,USD,JRYAN1,9/10/2026,3:25:33 PM,,-261.58,,,X,9/10/2026,3:05:24 PM,9/10/2026,4:45:01 PM,LKEBER,9/10/2026,3:05:24 PM,LKEBER,S273,0,EA,2001415695,1,1,1
1000000053789,1000000053788,HL,POST,MI02,5002,1332-SSO-01-S,20803,Y000003233,FR,1,2,1,1,EA,361.95,USD,JRYAN1,9/10/2026,3:25:33 PM,,361.95,,,X,9/10/2026,3:05:24 PM,9/10/2026,4:45:01 PM,LKEBER,9/10/2026,3:05:24 PM,LKEBER,S273,2,EA,2001415695,1,1,1
1000000053789,1000000053788,HL,POST,MI02,5002,1332-SSO-01-S,20926,Y000022479,FR,16,0,-16,16,EA,"4,694.72",USD,JRYAN1,9/10/2026,3:25:33 PM,,"-4,694.72",,,X,9/10/2026,3:05:24 PM,9/10/2026,4:45:01 PM,LKEBER,9/10/2026,3:05:24 PM,LKEBER,S273,0,EA,2001415695,1,1,1
1000000053789,1000000053788,HL,POST,MI02,5002,1332-SSO-01-S,20779,Y000029423,FR,5.000,27.000,22.000,22.000,PK,558.75,USD,JRYAN1,9/10/2026,3:25:33 PM,,558.75,,,,9/10/2026,3:05:24 PM,9/10/2026,4:45:01 PM,LKEBER,9/10/2026,3:05:24 PM,LKEBER,S273,27.000,PK,2001415695,1,1,1
1000000053789,1000000053788,HL,POST,MI02,5002,1332-SSO-01-S,20758,Y000034739,FR,1,0,-1,1,EA,952.62,USD,JRYAN1,9/10/2026,3:25:33 PM,,-952.62,,,X,9/10/2026,3:05:24 PM,9/10/2026,4:45:01 PM,LKEBER,9/10/2026,3:05:24 PM,LKEBER,S273,0,EA,2001415695,1,1,1
1000000053789,1000000053788,HL,POST,MI02,5002,1332-SSO-01-S,20003,Y000035642,FR,10,87,77,77,EA,128.04,USD,JRYAN1,9/10/2026,3:25:33 PM,,128.04,,,,9/10/2026,3:05:24 PM,9/10/2026,4:45:01 PM,LKEBER,9/10/2026,3:05:24 PM,LKEBER,S273,87,EA,2001415695,1,1,1
1000000053789,1000000053788,HL,POST,MI02,5002,1332-SSO-01-S,20279,Y000027723,FR,1,0,-1,1,EA,49.18,USD,JRYAN1,9/10/2026,3:25:33 PM,,-49.18,,,X,9/10/2026,3:05:24 PM,9/10/2026,4:45:01 PM,LKEBER,9/10/2026,3:05:24 PM,LKEBER,S273,0,EA,2001415695,1,1,1
1000000053789,1000000053788,HL,POST,MI02,5002,1332-SSO-01-S,21487,Y000044161,FR,30,38,8,8,EA,47.98,USD,JRYAN1,9/10/2026,3:25:33 PM,,47.98,,,,9/10/2026,3:05:24 PM,9/10/2026,4:45:01 PM,LKEBER,9/10/2026,3:05:24 PM,LKEBER,S273,38,EA,2001415695,1,1,1
1000000053789,1000000053788,HL,POST,MI02,5002,1332-SSO-01-S,10246,Y000041445,FR,5,0,-5,5,ML,64.30,USD,JRYAN1,9/10/2026,3:25:33 PM,,-64.30,,,X,9/10/2026,3:05:24 PM,9/10/2026,4:45:01 PM,LKEBER,9/10/2026,3:05:24 PM,LKEBER,S273,0,ML,2001415695,1,1,1
1000000053789,1000000053788,HL,POST,MI02,5002,1332-SSO-01-S,20008,Y000044474,FR,20,8,-12,12,EA,77.44,USD,JRYAN1,9/10/2026,3:25:33 PM,,-77.44,,,,9/10/2026,3:05:24 PM,9/10/2026,4:45:01 PM,LKEBER,9/10/2026,3:05:24 PM,LKEBER,S273,8,EA,2001415695,1,1,1
1000000053789,1000000053788,HL,POST,MI02,5002,1332-SSO-01-S,21263,Y000029729,FR,2.000,0.000,-2.000,2.000,PK,505.62,USD,JRYAN1,9/10/2026,3:25:33 PM,,-505.62,,,X,9/10/2026,3:05:24 PM,9/10/2026,4:45:01 PM,LKEBER,9/10/2026,3:05:24 PM,LKEBER,S273,0.000,PK,2001415695,1,1,1
1000000053789,1000000053788,HL,POST,MI02,5002,1332-SSO-01-S,83000369,Y000048406,FR,0.780,0.500,-0.280,0.280,L,"4,669.99",USD,JRYAN1,9/10/2026,3:25:33 PM,,"-4,669.99",,,X,9/10/2026,3:05:24 PM,9/10/2026,4:45:01 PM,LKEBER,9/10/2026,3:05:24 PM,LKEBER,S273,0.500,L,2001415695,1,1,1
1000000053789,1000000053788,HL,POST,MI02,5002,1332-SSO-01-S,53000201,Y000049065,FR,11.840,2.960,-8.880,8.880,L,"11,832.24",USD,JRYAN1,9/10/2026,3:25:33 PM,,"-11,832.24",,,,9/10/2026,3:05:24 PM,9/10/2026,4:45:01 PM,LKEBER,9/10/2026,3:05:24 PM,LKEBER,S273,2.960,L,2001415695,1,1,1
1000000053789,1000000053788,HL,POST,MI02,5002,1332-SSO-01-S,20597,Y000049655,FR,1,2,1,1,EA,308.88,USD,JRYAN1,9/10/2026,3:25:33 PM,,308.88,,,,9/10/2026,3:05:24 PM,9/10/2026,4:45:01 PM,LKEBER,9/10/2026,3:05:24 PM,LKEBER,S273,2,EA,2001415695,1,1,1
1000000053789,1000000053788,HL,POST,MI02,5002,1332-SSO-01-S,83000368,Y000053236,FR,0.780,0,-0.780,0.780,L,"1,845.94",USD,JRYAN1,9/10/2026,3:25:33 PM,,"-1,845.94",,,X,9/10/2026,3:05:24 PM,9/10/2026,4:45:01 PM,LKEBER,9/10/2026,3:05:24 PM,LKEBER,S273,0,L,2001415695,1,1,1
1000000053789,1000000053788,HL,POST,MI02,5002,1332-SSO-01-S,10227,Y000040327,FR,"2,160",0,"-2,160","2,160",ML,205.42,USD,JRYAN1,9/10/2026,3:25:33 PM,,-205.42,,,,9/10/2026,3:05:24 PM,9/10/2026,4:45:01 PM,LKEBER,9/10/2026,3:05:24 PM,LKEBER,S273,0.000,,2001415695,1,1,1
1000000053789,1000000053788,HL,POST,MI02,5002,1332-SSO-01-S,53000293,Y000049236,FR,0.282,0,-0.282,0.282,L,"8,143.82",USD,JRYAN1,9/10/2026,3:25:33 PM,,"-8,143.82",,,,9/10/2026,3:05:24 PM,9/10/2026,4:45:01 PM,LKEBER,9/10/2026,3:05:24 PM,LKEBER,S273,0.000,,2001415695,1,1,1
1000000053789,1000000053788,HL,POST,MI02,5002,1332-SSO-01-S,83000369,Y000050696,FR,0.660,0,-0.660,0.660,L,"11,007.82",USD,JRYAN1,9/10/2026,3:25:33 PM,,"-11,007.82",,,,9/10/2026,3:05:24 PM,9/10/2026,4:45:01 PM,LKEBER,9/10/2026,3:05:24 PM,LKEBER,S273,0.000,,2001415695,1,1,1
1000000053789,1000000053788,HL,POST,MI02,5002,1332-SSO-01-S,83000363,Y000050874,FR,4.550,0,-4.550,4.550,L,"14,455.58",USD,JRYAN1,9/10/2026,3:25:33 PM,,"-14,455.58",,,,9/10/2026,3:05:24 PM,9/10/2026,4:45:01 PM,LKEBER,9/10/2026,3:05:24 PM,LKEBER,S273,0.000,,2001415695,1,1,1
1000000053789,1000000053788,HL,POST,MI02,5002,1332-SSO-01-S,83000362,Y000051249,FR,7.700,0,-7.700,7.700,L,"17,785.00",USD,JRYAN1,9/10/2026,3:25:33 PM,,"-17,785.00",,,,9/10/2026,3:05:24 PM,9/10/2026,4:45:01 PM,LKEBER,9/10/2026,3:05:24 PM,LKEBER,S273,0.000,,2001415695,1,1,1
1000000053789,1000000053788,HL,POST,MI02,5002,1332-SSO-01-S,10937,Y000045650,FR,2.925,0,-2.925,2.925,L,"1,823.56",USD,JRYAN1,9/10/2026,3:25:33 PM,,"-1,823.56",,,,9/10/2026,3:05:24 PM,9/10/2026,4:45:01 PM,LKEBER,9/10/2026,3:05:24 PM,LKEBER,S273,0.000,,2001415695,1,1,1
1000000053789,1000000053788,HL,POST,MI02,5002,1332-SSO-01-S,20920,Y000051800,FR,4,0,-4,4,EA,536.64,USD,JRYAN1,9/10/2026,3:25:33 PM,,-536.64,,,,9/10/2026,3:05:24 PM,9/10/2026,4:45:01 PM,LKEBER,9/10/2026,3:05:24 PM,LKEBER,S273,0.000,,2001415695,1,1,1
1000000053789,1000000053788,HL,POST,MI02,5002,1332-SSO-01-S,83000362,Y000050699,FR,6.070,0,-6.070,6.070,L,"14,020.12",USD,JRYAN1,9/10/2026,3:25:33 PM,,"-14,020.12",,,,9/10/2026,3:05:24 PM,9/10/2026,4:45:01 PM,LKEBER,9/10/2026,3:05:24 PM,LKEBER,S273,0.000,,2001415695,1,1,1
1000000053789,1000000053788,HL,POST,MI02,5002,1332-SSO-01-S,20713,Y000038768,FR,3,0,-3,3,EA,350.88,USD,JRYAN1,9/10/2026,3:25:33 PM,,-350.88,,,,9/10/2026,3:05:24 PM,9/10/2026,4:45:01 PM,LKEBER,9/10/2026,3:05:24 PM,LKEBER,S273,0.000,,2001415695,1,1,1
1000000053789,1000000053788,HL,POST,MI02,5002,1332-SSO-01-S,20003,Y000043429,FR,74,0,-74,74,EA,123.06,USD,JRYAN1,9/10/2026,3:25:33 PM,,-123.06,,,,9/10/2026,3:05:24 PM,9/10/2026,4:45:01 PM,LKEBER,9/10/2026,3:05:24 PM,LKEBER,S273,0.000,,2001415695,1,1,1
1000000053790,,HS,POST,NI02,5004,2239-DNA-01-S,10919,Y000046083,FR,99.950,0,-99.950,99.950,L,"11,844.08",USD,RQUINLAN1,9/10/2026,4:14:04 PM,,"-11,844.08",,,X,9/10/2026,4:13:02 PM,9/10/2026,4:56:04 PM,RTAVARES,9/10/2026,4:13:02 PM,RQUINLAN1,S285,0,L,2001415934,1,0,1
1000000053791,,HS,POST,NI02,5004,2239-DNA-01-S,10930,Y000041865,FR,0,139.850,139.850,139.850,L,"14,684.25",USD,RQUINLAN1,9/10/2026,4:51:50 PM,,"14,684.25",,,,9/10/2026,4:26:12 PM,9/10/2026,4:58:00 PM,RTAVARES,9/10/2026,4:26:12 PM,RQUINLAN1,S285,139.850,L,2001415939,1,0,1
1000000053791,,HS,POST,NI02,5004,2239-DNA-01-S,21112,Y000021541,FR,0,2,2,2,EA,501.96,USD,RQUINLAN1,9/10/2026,4:51:50 PM,,501.96,,,,9/10/2026,4:26:12 PM,9/10/2026,4:58:00 PM,RTAVARES,9/10/2026,4:26:12 PM,RQUINLAN1,S285,2,EA,2001415939,1,0,1
1000000053791,,HS,POST,NI02,5004,2239-DNA-01-S,21691,Y000018244,FR,0,1,1,1,EA,651.66,USD,RQUINLAN1,9/10/2026,4:51:50 PM,,651.66,,,,9/10/2026,4:26:12 PM,9/10/2026,4:58:00 PM,RTAVARES,9/10/2026,4:26:12 PM,RQUINLAN1,S285,1,EA,2001415939,1,0,1
1000000053791,,HS,POST,NI02,5004,2239-DNA-01-S,20623,Y000027561,FR,0,2,2,2,EA,"2,050.00",USD,RQUINLAN1,9/10/2026,4:51:50 PM,,"2,050.00",,,,9/10/2026,4:26:12 PM,9/10/2026,4:58:00 PM,RTAVARES,9/10/2026,4:26:12 PM,RQUINLAN1,S285,2,EA,2001415939,1,0,1
1000000053791,,HS,POST,NI02,5004,2239-DNA-01-S,21559,Y000047939,FR,0,2,2,2,EA,"1,641.60",USD,RQUINLAN1,9/10/2026,4:51:50 PM,,"1,641.60",,,,9/10/2026,4:26:12 PM,9/10/2026,4:58:00 PM,RTAVARES,9/10/2026,4:26:12 PM,RQUINLAN1,S285,2,EA,2001415939,1,0,1
1000000053791,,HS,POST,NI02,5004,2239-DNA-01-S,21097,Y000043411,FR,0,1,1,1,EA,273.57,USD,RQUINLAN1,9/10/2026,4:51:50 PM,,273.57,,,,9/10/2026,4:26:12 PM,9/10/2026,4:58:00 PM,RTAVARES,9/10/2026,4:26:12 PM,RQUINLAN1,S285,1,EA,2001415939,1,0,1
1000000053791,,HS,POST,NI02,5004,2239-DNA-01-S,21758,Y000011538,FR,0,1,1,1,EA,300.84,USD,RQUINLAN1,9/10/2026,4:51:50 PM,,300.84,,,,9/10/2026,4:26:12 PM,9/10/2026,4:58:00 PM,RTAVARES,9/10/2026,4:26:12 PM,RQUINLAN1,S285,1,EA,2001415939,1,0,1
1000000053793,1000000053792,HS,POST,FG1N,1001,G1-16-03-02-N,80000350,Y000044323,FP,29.250,27.500,-1.750,1.750,ML,179.76,USD,BCHENG,9/10/2026,5:44:50 PM,,-179.76,,,,9/10/2026,5:44:37 PM,10/5/2026,7:50:48 PM,RPORTILLO,9/10/2026,5:44:37 PM,BCHENG,N081,27.500,ML,2001415963,1,1,1
1000000053794,,HS,POST,NI02,5004,2239-DNA-01-S,10930,Y000041865,FR,139.850,140,0.150,0.150,L,15.75,USD,ABAPTISTE,9/10/2026,8:10:13 PM,,15.75,,,,9/10/2026,8:08:02 PM,9/10/2026,8:14:40 PM,RMARSHALEWSK,9/10/2026,8:08:02 PM,ABAPTISTE,S285,140,L,2001416041,1,0,1
1000000053796,,HS,POST,MI02,5009,1268-RNA-01-S,B0213,Y000048737,FR,20.270,0,-20.270,20.270,L,"11,579.01",USD,DREZENDES,9/10/2026,9:09:04 PM,,"-11,579.01",,,X,9/10/2026,9:08:53 PM,9/10/2026,9:56:25 PM,HFAHAD,9/10/2026,9:08:53 PM,DREZENDES,S280,0,L,2001416207,1,0,1
1000000053797,,HS,POST,MI02,5009,1268-RNA-01-S,53000151,Y000050925,FR,200.090,100,-100.090,100.090,L,"11,293.15",USD,DREZENDES,9/10/2026,9:10:18 PM,,"-11,293.15",,,,9/10/2026,9:10:05 PM,9/10/2026,9:56:54 PM,HFAHAD,9/10/2026,9:10:05 PM,DREZENDES,S280,100,L,2001416208,1,0,1
1000000053798,,HS,POST,MI02,5009,1268-RNA-01-S,20597,Y000016943,FR,2,0,-2,2,EA,617.76,USD,DREZENDES,9/10/2026,9:12:12 PM,,-617.76,,,X,9/10/2026,9:11:55 PM,9/10/2026,9:57:17 PM,HFAHAD,9/10/2026,9:11:55 PM,DREZENDES,S280,0,EA,2001416209,1,0,1
1000000053800,,HS,POST,MI02,5009,1268-RNA-01-S,53000149,Y000048326,FR,183.330,0,-183.330,183.330,L,"4,024.09",USD,DREZENDES,9/10/2026,9:13:50 PM,,"-4,024.09",,,X,9/10/2026,9:13:36 PM,9/10/2026,9:57:53 PM,HFAHAD,9/10/2026,9:13:36 PM,DREZENDES,S280,0,L,2001416211,1,0,1
1000000053801,,HS,POST,MI02,5009,1268-RNA-01-S,B0227,Y000052161,FR,221.040,0,-221.040,221.040,L,"5,021.68",USD,DREZENDES,9/10/2026,9:15:03 PM,,"-5,021.68",,,X,9/10/2026,9:14:50 PM,9/10/2026,9:58:23 PM,HFAHAD,9/10/2026,9:14:50 PM,DREZENDES,S280,0,L,2001416212,1,0,1
1000000053802,,HS,POST,MI02,5009,1268-RNA-01-S,B0205,Y000050855,FR,201.770,0,-201.770,201.770,L,"4,938.78",USD,DREZENDES,9/10/2026,9:19:03 PM,,"-4,938.78",,,X,9/10/2026,9:18:35 PM,9/10/2026,9:59:05 PM,HFAHAD,9/10/2026,9:18:35 PM,DREZENDES,S280,0,L,2001416213,1,0,1
1000000053803,,HS,POST,MI02,5009,1268-RNA-01-S,B0218,Y000052156,FR,161.530,0,-161.530,161.530,L,"3,556.73",USD,DREZENDES,9/10/2026,9:20:56 PM,,"-3,556.73",,,X,9/10/2026,9:20:47 PM,9/10/2026,9:59:45 PM,HFAHAD,9/10/2026,9:20:47 PM,DREZENDES,S280,0,L,2001416214,1,0,1
1000000053804,,HS,POST,MI02,5009,1268-RNA-01-S,10476,Y000024941,FR,"1,238.910",740.580,-498.330,498.330,ML,"4,360.39",USD,DREZENDES,9/10/2026,9:24:08 PM,,"-4,360.39",,,,9/10/2026,9:23:46 PM,9/10/2026,10:00:05 PM,HFAHAD,9/10/2026,9:23:46 PM,DREZENDES,S280,740.580,ML,2001416215,1,0,1
1000000053805,,HS,POST,MI02,5009,1268-RNA-01-S,53000283,Y000042719,FR,0.400,0,-0.400,0.400,L,163.81,USD,DREZENDES,9/10/2026,9:25:27 PM,,-163.81,,,X,9/10/2026,9:25:14 PM,9/10/2026,10:00:42 PM,HFAHAD,9/10/2026,9:25:14 PM,DREZENDES,S280,0,L,2001416216,1,0,1
1000000053806,,HS,POST,MI02,5009,1268-RNA-01-S,10475,Y000035794,FR,60.370,0,-60.370,60.370,ML,528.24,USD,DREZENDES,9/10/2026,9:27:52 PM,,-528.24,,,X,9/10/2026,9:27:42 PM,9/10/2026,10:00:59 PM,HFAHAD,9/10/2026,9:27:42 PM,DREZENDES,S280,0,ML,2001416217,1,0,1
1000000053807,,HS,POST,MI02,5009,1268-RNA-01-S,M0715,Y000043885,FR,5,2,-3,3,EA,97.80,USD,DREZENDES,9/10/2026,9:31:01 PM,,-97.80,,,,9/10/2026,9:30:48 PM,9/10/2026,10:01:55 PM,HFAHAD,9/10/2026,9:30:48 PM,DREZENDES,S280,2,EA,2001416219,1,0,1
1000000053808,,HS,POST,MI02,5009,1268-RNA-01-S,21134,Y000043410,FR,1,2,1,1,EA,118.96,USD,DREZENDES,9/10/2026,9:33:07 PM,,118.96,,,,9/10/2026,9:32:57 PM,9/10/2026,10:02:15 PM,HFAHAD,9/10/2026,9:32:57 PM,DREZENDES,S280,2,EA,2001416220,1,0,1
1000000053809,,HS,POST,MI02,5009,1268-RNA-01-S,B0212,Y000044343,FR,77.140,0,-77.140,77.140,L,"4,632.11",USD,DREZENDES,9/10/2026,9:34:56 PM,,"-4,632.11",,,X,9/10/2026,9:34:47 PM,9/10/2026,10:02:49 PM,HFAHAD,9/10/2026,9:34:47 PM,DREZENDES,S280,0,L,2001416221,1,0,1
1000000053810,,HS,POST,MI02,5009,1268-RNA-01-S,M0707,Y000046351,FR,16,25,9,9,EA,201.60,USD,DREZENDES,9/10/2026,9:35:59 PM,,201.60,,,,9/10/2026,9:35:49 PM,9/10/2026,10:03:08 PM,HFAHAD,9/10/2026,9:35:49 PM,DREZENDES,S280,25,EA,2001416222,1,0,1
1000000053811,,HS,POST,MI02,5009,1268-RNA-01-S,21270,Y000047368,FR,2,1,-1,1,EA,22.40,USD,DREZENDES,9/10/2026,9:36:55 PM,,-22.40,,,,9/10/2026,9:36:44 PM,9/10/2026,10:03:23 PM,HFAHAD,9/10/2026,9:36:44 PM,DREZENDES,S280,1,EA,2001416223,1,0,1
1000000053812,,HS,POST,MI02,5009,1268-RNA-01-S,21339,Y000045200,FR,19,10,-9,9,EA,327.89,USD,DREZENDES,9/10/2026,9:39:06 PM,,-327.89,,,,9/10/2026,9:38:51 PM,9/10/2026,10:03:38 PM,HFAHAD,9/10/2026,9:38:51 PM,DREZENDES,S280,10,EA,2001416226,1,0,1
1000000053813,,HS,POST,MI02,5009,1268-RNA-01-S,21228,Y000047818,FR,1,0,-1,1,EA,138.07,USD,DREZENDES,9/10/2026,9:39:51 PM,,-138.07,,,X,9/10/2026,9:39:43 PM,9/10/2026,10:04:02 PM,HFAHAD,9/10/2026,9:39:43 PM,DREZENDES,S280,0,EA,2001416228,1,0,1
1000000053814,,HS,POST,MI02,5009,1268-RNA-01-S,B0204,Y000048294,FR,50.530,0,-50.530,50.530,L,"1,162.84",USD,DREZENDES,9/10/2026,9:40:59 PM,,"-1,162.84",,,X,9/10/2026,9:40:40 PM,9/10/2026,10:04:28 PM,HFAHAD,9/10/2026,9:40:40 PM,DREZENDES,S280,0,L,2001416232,1,0,1
1000000053815,,HS,POST,MI02,5009,1268-RNA-01-S,21289,Y000040053,FR,3.100,5.000,1.900,1.900,PK,245.78,USD,DREZENDES,9/10/2026,9:41:58 PM,,245.78,,,,9/10/2026,9:41:49 PM,9/10/2026,10:16:22 PM,HFAHAD,9/10/2026,9:41:49 PM,DREZENDES,S280,5.000,PK,2001416233,1,0,1
1000000053816,,HS,POST,MI02,5009,1268-RNA-01-S,20008,Y000028573,FR,2,1,-1,1,EA,6.45,USD,DREZENDES,9/10/2026,9:43:35 PM,,-6.45,,,,9/10/2026,9:43:25 PM,9/10/2026,10:16:22 PM,HFAHAD,9/10/2026,9:43:25 PM,DREZENDES,S280,1,EA,2001416237,1,0,1
1000000053817,1000000053779,HS,POST,DG1N,1020,P1-08-05-03-N,10734,Y000051298,FP,75,225,150,150,ML,"18,438.42",USD,RPIERCE,9/15/2026,6:11:15 AM,103807771003385946,"18,438.42",,,,9/10/2026,9:46:48 PM,9/18/2026,2:55:55 PM,RPORTILLO,9/10/2026,9:46:48 PM,RPORTILLO,N036,225,ML,2001416138,1,1,1
1000000053818,1000000053777,HS,POST,DG1N,1020,I1-06-02-02-N,10734,Y000043869,FP,400,75,-325,325,ML,"39,949.91",USD,RPIERCE,9/15/2026,6:11:03 AM,103807771003217209,"-39,949.91",,,,9/10/2026,9:47:19 PM,9/18/2026,2:57:30 PM,RPORTILLO,9/10/2026,9:47:19 PM,RPORTILLO,N036,75,ML,2001416139,1,1,1
1000000053820,,HS,POST,MI02,5009,1268-RNA-01-S,53000208,Y000049690,FR,0,65,65,65,L,"3,431.35",USD,DREZENDES,9/10/2026,10:03:40 PM,,"3,431.35",,,,9/10/2026,9:59:57 PM,9/10/2026,10:05:55 PM,HFAHAD,9/10/2026,9:59:57 PM,DREZENDES,S280,65,L,2001416239,1,0,1
1000000053820,,HS,POST,MI02,5009,1268-RNA-01-S,20593,Y000029803,FR,0,3,3,3,EA,890.01,USD,DREZENDES,9/10/2026,10:03:22 PM,,890.01,,,,9/10/2026,9:59:57 PM,9/10/2026,10:05:55 PM,HFAHAD,9/10/2026,9:59:57 PM,DREZENDES,S280,3,EA,2001416240,2,0,1
1000000053820,,HS,POST,MI02,5009,1268-RNA-01-S,21134,Y000043873,FR,0,1,1,1,EA,118.96,USD,DREZENDES,9/10/2026,10:03:04 PM,,118.96,,,,9/10/2026,9:59:57 PM,9/10/2026,10:05:55 PM,HFAHAD,9/10/2026,9:59:57 PM,DREZENDES,S280,1,EA,2001416241,3,0,1
1000000053820,,HS,POST,MI02,5009,1268-RNA-01-S,21134,Y000043406,FR,0,7,7,7,EA,832.72,USD,DREZENDES,9/10/2026,10:02:53 PM,,832.72,,,,9/10/2026,9:59:57 PM,9/10/2026,10:05:55 PM,HFAHAD,9/10/2026,9:59:57 PM,DREZENDES,S280,7,EA,2001416242,4,0,1
1000000053820,,HS,POST,MI02,5009,1268-RNA-01-S,21230,Y000045122,FR,0,2,2,2,EA,74.38,USD,DREZENDES,9/10/2026,10:02:24 PM,,74.38,,,,9/10/2026,9:59:57 PM,9/10/2026,10:05:55 PM,HFAHAD,9/10/2026,9:59:57 PM,DREZENDES,S280,2,EA,2001416243,5,0,1
1000000053822,,HS,POST,MI02,5009,1268-RNA-01-S,10493,1049322080,FR,0,200,200,200,ML,"17,872.00",USD,DREZENDES,9/10/2026,10:29:11 PM,,"17,872.00",,,,9/10/2026,10:28:44 PM,9/10/2026,10:29:52 PM,HFAHAD,9/10/2026,10:28:44 PM,DREZENDES,S280,200,ML,2001416261,1,0,1
1000000053823,,HS,POST,MI02,5009,1268-RNA-01-S,10493,1049322080,FR,200,400,200,200,ML,"17,872.00",USD,DREZENDES,9/10/2026,10:30:49 PM,,"17,872.00",,,,9/10/2026,10:30:40 PM,9/10/2026,10:31:14 PM,HFAHAD,9/10/2026,10:30:40 PM,DREZENDES,S280,400,ML,2001416263,1,0,1
1000000053824,,HS,POST,MI02,5009,1268-RNA-01-S,B0227,Y000052312,FR,343.730,0,-343.730,343.730,L,"7,809.00",USD,DREZENDES,9/10/2026,10:32:40 PM,,"-7,809.00",,,X,9/10/2026,10:32:03 PM,9/10/2026,10:39:41 PM,HFAHAD,9/10/2026,10:32:03 PM,DREZENDES,S280,0,L,2001416265,1,0,1
1000000053825,,HS,POST,MI02,5009,1268-RNA-01-S,B0205,Y000052163,FR,361.860,200.100,-161.760,161.760,L,"3,959.45",USD,DREZENDES,9/10/2026,10:34:34 PM,,"-3,959.45",,,,9/10/2026,10:34:03 PM,9/10/2026,10:39:41 PM,HFAHAD,9/10/2026,10:34:03 PM,DREZENDES,S280,200.100,L,2001416267,1,0,1
1000000053826,,HS,POST,MI02,5009,1268-RNA-01-S,B0204,Y000052160,FR,199.700,369.700,170,170,L,"3,912.19",USD,DREZENDES,9/10/2026,10:36:31 PM,,"3,912.19",,,,9/10/2026,10:36:17 PM,9/10/2026,10:39:41 PM,HFAHAD,9/10/2026,10:36:17 PM,DREZENDES,S280,369.700,L,2001416269,1,0,1
1000000053827,,HS,POST,MI02,5009,1268-RNA-01-S,20008,Y000026186,FR,8,7,-1,1,EA,6.45,USD,DREZENDES,9/10/2026,10:37:22 PM,,-6.45,,,,9/10/2026,10:37:11 PM,9/10/2026,10:39:41 PM,HFAHAD,9/10/2026,10:37:11 PM,DREZENDES,S280,7,EA,2001416271,1,0,1
1000000053828,,HS,POST,MI02,5009,1268-RNA-01-S,10493,1049322080,FR,400,600,200,200,ML,"17,872.00",USD,DREZENDES,9/10/2026,10:51:04 PM,,"17,872.00",,,,9/10/2026,10:50:44 PM,9/10/2026,11:06:26 PM,HFAHAD,9/10/2026,10:50:44 PM,DREZENDES,S280,600,ML,2001416282,1,0,1
1000000053829,,HS,POST,MI02,5009,1268-RNA-01-S,B0227,Y000052089,FR,255.070,0,-255.070,255.070,L,"5,794.78",USD,DREZENDES,9/10/2026,10:52:11 PM,,"-5,794.78",,,X,9/10/2026,10:51:58 PM,9/10/2026,11:06:26 PM,HFAHAD,9/10/2026,10:51:58 PM,DREZENDES,S280,0,L,2001416283,1,0,1
1000000053830,,HS,POST,MI02,5009,1268-RNA-01-S,10493,1049322080,FR,600,800,200,200,ML,"17,872.00",USD,DREZENDES,9/10/2026,11:08:57 PM,,"17,872.00",,,,9/10/2026,11:08:45 PM,9/10/2026,11:11:55 PM,HFAHAD,9/10/2026,11:08:45 PM,DREZENDES,S280,800,ML,2001416285,1,0,1
1000000053831,,HL,POST,NI02,0001,1332-TRN1-01-S,84001297,Y000047968,FR,1,3,2,2,EA,"509,390.56",USD,JRYAN1,9/11/2026,2:17:12 PM,,"509,390.56",,,,9/11/2026,2:14:54 PM,9/12/2026,3:00:07 PM,ALEWIS2,9/11/2026,2:14:54 PM,JRYAN1,S237,3,EA,2001416795,1,0,1
1000000053831,,HL,POST,NI02,0001,1332-TRN1-01-S,84001297,Y000048082,FR,1,0,-1,1,EA,"254,695.28",USD,JRYAN1,9/11/2026,2:17:12 PM,,"-254,695.28",,,,9/11/2026,2:14:54 PM,9/12/2026,3:00:07 PM,ALEWIS2,9/11/2026,2:14:54 PM,JRYAN1,S237,0.000,,2001416795,1,0,1
1000000053831,,HL,POST,NI02,0001,1332-TRN1-01-S,84001297,Y000048084,FR,1,0,-1,1,EA,"254,695.28",USD,JRYAN1,9/11/2026,2:17:12 PM,,"-254,695.28",,,,9/11/2026,2:14:54 PM,9/12/2026,3:00:07 PM,ALEWIS2,9/11/2026,2:14:54 PM,JRYAN1,S237,0.000,,2001416795,1,0,1
1000000053832,,HS,POST,MI02,5002,1332-SSO-01-S,83000363,Y000050641,FR,3.010,0,-3.010,3.010,L,"9,562.92",USD,JRYAN1,9/11/2026,2:53:04 PM,,"-9,562.92",,,X,9/11/2026,2:50:55 PM,9/12/2026,7:01:59 AM,LKEBER,9/11/2026,2:50:55 PM,JRYAN1,S273,0,L,2001417201,1,0,1
1000000053832,,HS,POST,MI02,5002,1332-SSO-01-S,83000364,Y000048416,FR,0.790,0,-0.790,0.790,L,"16,218.77",USD,JRYAN1,9/11/2026,2:53:04 PM,,"-16,218.77",,,X,9/11/2026,2:50:55 PM,9/12/2026,7:01:59 AM,LKEBER,9/11/2026,2:50:55 PM,JRYAN1,S273,0,L,2001417202,2,0,1
1000000053832,,HS,POST,MI02,5002,1332-SSO-01-S,83000364,Y000051244,FR,0.090,0.490,0.400,0.400,L,"8,212.04",USD,JRYAN1,9/11/2026,2:53:04 PM,,"8,212.04",,,,9/11/2026,2:50:55 PM,9/12/2026,7:01:59 AM,LKEBER,9/11/2026,2:50:55 PM,JRYAN1,S273,0.490,L,2001417203,3,0,1
1000000053832,,HS,POST,MI02,5002,1332-SSO-01-S,83000367,Y000050695,FR,16.390,8.390,-8,8,L,"11,954.32",USD,JRYAN1,9/11/2026,2:53:04 PM,,"-11,954.32",,,,9/11/2026,2:50:55 PM,9/12/2026,7:01:59 AM,LKEBER,9/11/2026,2:50:55 PM,JRYAN1,S273,8.390,L,2001417206,6,0,1
1000000053832,,HS,POST,MI02,5002,1332-SSO-01-S,53000293,Y000045091,FR,0.570,0,-0.570,0.570,L,"16,460.92",USD,JRYAN1,9/11/2026,2:53:04 PM,,"-16,460.92",,,X,9/11/2026,2:50:55 PM,9/12/2026,7:01:59 AM,LKEBER,9/11/2026,2:50:55 PM,JRYAN1,S273,0,L,2001417209,9,0,1
1000000053832,,HS,POST,MI02,5002,1332-SSO-01-S,21487,Y000044161,FR,38,28,-10,10,EA,59.98,USD,JRYAN1,9/11/2026,2:53:04 PM,,-59.98,,,,9/11/2026,2:50:55 PM,9/12/2026,7:01:59 AM,LKEBER,9/11/2026,2:50:55 PM,JRYAN1,S273,28,EA,2001417215,15,0,1
1000000053832,,HS,POST,MI02,5002,1332-SSO-01-S,20779,Y000029423,FR,27.000,5.000,-22.000,22.000,PK,558.75,USD,JRYAN1,9/11/2026,2:53:04 PM,,-558.75,,,,9/11/2026,2:50:55 PM,9/12/2026,7:01:59 AM,LKEBER,9/11/2026,2:50:55 PM,JRYAN1,S273,5.000,PK,2001417216,16,0,1
1000000053832,,HS,POST,MI02,5002,1332-SSO-01-S,20920,Y000029098,FR,15,4,-11,11,EA,"1,475.76",USD,JRYAN1,9/11/2026,2:53:04 PM,,"-1,475.76",,,,9/11/2026,2:50:55 PM,9/12/2026,7:01:59 AM,LKEBER,9/11/2026,2:50:55 PM,JRYAN1,S273,4,EA,2001417222,22,0,1
1000000053832,,HS,POST,MI02,5002,1332-SSO-01-S,20803,Y000003233,FR,2,0,-2,2,EA,723.90,USD,JRYAN1,9/11/2026,2:53:04 PM,,-723.90,,,X,9/11/2026,2:50:55 PM,9/12/2026,7:01:59 AM,LKEBER,9/11/2026,2:50:55 PM,JRYAN1,S273,0,EA,2001417225,25,0,1
1000000053832,,HS,POST,MI02,5002,1332-SSO-01-S,10937,Y000024491,FR,1,0,-1,1,L,623.44,USD,JRYAN1,9/11/2026,2:53:04 PM,,-623.44,,,X,9/11/2026,2:50:55 PM,9/12/2026,7:01:59 AM,LKEBER,9/11/2026,2:50:55 PM,JRYAN1,S273,0,L,2001417229,29,0,1
1000000053832,,HS,POST,MI02,5002,1332-SSO-01-S,10201,Y000020931,FR,"6,000","3,500","-2,500","2,500",ML,"1,390.00",USD,JRYAN1,9/11/2026,2:53:04 PM,,"-1,390.00",,,,9/11/2026,2:50:55 PM,9/12/2026,7:01:59 AM,LKEBER,9/11/2026,2:50:55 PM,JRYAN1,S273,"3,500",ML,2001417230,30,0,1
1000000053832,,HS,POST,MI02,5002,1332-SSO-01-S,20131,Y000042563,FR,1,0,-1,1,EA,70.00,USD,JRYAN1,9/11/2026,2:53:04 PM,,-70.00,,,X,9/11/2026,2:50:55 PM,9/12/2026,7:01:59 AM,LKEBER,9/11/2026,2:50:55 PM,JRYAN1,S273,0,EA,2001417231,31,0,1
1000000053832,,HS,POST,MI02,5002,1332-SSO-01-S,20003,Y000035642,FR,87,0,-87,87,EA,144.67,USD,JRYAN1,9/11/2026,2:53:04 PM,,-144.67,,,X,9/11/2026,2:50:55 PM,9/12/2026,7:01:59 AM,LKEBER,9/11/2026,2:50:55 PM,JRYAN1,S273,0,EA,2001417233,33,0,1
1000000053832,,HS,POST,MI02,5002,1332-SSO-01-S,20597,Y000049655,FR,1,0,-1,1,EA,308.88,USD,JRYAN1,9/11/2026,2:53:04 PM,,-308.88,,,X,9/11/2026,2:50:55 PM,9/12/2026,7:01:59 AM,LKEBER,9/11/2026,2:50:55 PM,JRYAN1,S273,0,EA,2001417235,35,0,1
1000000053834,,HS,POST,MI02,5002,1295-CHM-01-S,10000171,Y000047815,FR,1,0,-1,1,EA,274.30,USD,JOLIVEIRA,9/11/2026,3:48:10 PM,,-274.30,,,X,9/11/2026,3:46:07 PM,9/11/2026,4:55:19 PM,FWONG,9/11/2026,3:46:07 PM,JOLIVEIRA,S273,0,EA,2001417249,2,0,1
1000000053834,,HS,POST,MI02,5002,1295-CHM-01-S,10000177,Y000022586,FR,3,2,-1,1,EA,87.17,USD,JOLIVEIRA,9/11/2026,3:48:10 PM,,-87.17,,,,9/11/2026,3:46:07 PM,9/11/2026,4:55:19 PM,FWONG,9/11/2026,3:46:07 PM,JOLIVEIRA,S273,2,EA,2001417250,3,0,1
1000000053834,,HS,POST,MI02,5002,1295-CHM-01-S,10000060,Y000016836,FR,1,0,-1,1,EA,127.73,USD,JOLIVEIRA,9/11/2026,3:48:10 PM,,-127.73,,,X,9/11/2026,3:46:07 PM,9/11/2026,4:55:19 PM,FWONG,9/11/2026,3:46:07 PM,JOLIVEIRA,S273,0,EA,2001417252,5,0,1
1000000053834,,HS,POST,MI02,5002,1295-CHM-01-S,10000060,Y000031810,FR,6,4,-2,2,EA,255.46,USD,JOLIVEIRA,9/11/2026,3:48:10 PM,,-255.46,,,,9/11/2026,3:46:07 PM,9/11/2026,4:55:19 PM,FWONG,9/11/2026,3:46:07 PM,JOLIVEIRA,S273,4,EA,2001417253,6,0,1
1000000053834,,HS,POST,MI02,5002,1295-CHM-01-S,10639,Y000034545,FR,2,4,2,2,L,67.24,USD,JOLIVEIRA,9/11/2026,3:48:10 PM,,67.24,,,,9/11/2026,3:46:07 PM,9/11/2026,4:55:19 PM,FWONG,9/11/2026,3:46:07 PM,JOLIVEIRA,S273,4,L,2001417259,12,0,1
1000000053834,,HS,POST,MI02,5002,1295-CHM-01-S,10639,Y000034546,FR,0.626,4,3.374,3.374,L,113.43,USD,JOLIVEIRA,9/11/2026,3:48:10 PM,,113.43,,,,9/11/2026,3:46:07 PM,9/11/2026,4:55:19 PM,FWONG,9/11/2026,3:46:07 PM,JOLIVEIRA,S273,4,L,2001417260,13,0,1
1000000053834,,HS,POST,MI02,5002,1295-CHM-01-S,10639,Y000036708,FR,1.840,2,0.160,0.160,L,5.38,USD,JOLIVEIRA,9/11/2026,3:48:10 PM,,5.38,,,,9/11/2026,3:46:07 PM,9/11/2026,4:55:19 PM,FWONG,9/11/2026,3:46:07 PM,JOLIVEIRA,S273,2,L,2001417261,14,0,1
1000000053834,,HS,POST,MI02,5002,1295-CHM-01-S,10639,Y000015375,FR,0.970,1,0.030,0.030,L,1.01,USD,JOLIVEIRA,9/11/2026,3:48:10 PM,,1.01,,,,9/11/2026,3:46:07 PM,9/11/2026,4:55:19 PM,FWONG,9/11/2026,3:46:07 PM,JOLIVEIRA,S273,1,L,2001417262,15,0,1
1000000053834,,HS,POST,MI02,5002,1295-CHM-01-S,10639,Y000018509,FR,0.880,1,0.120,0.120,L,4.03,USD,JOLIVEIRA,9/11/2026,3:48:10 PM,,4.03,,,,9/11/2026,3:46:07 PM,9/11/2026,4:55:19 PM,FWONG,9/11/2026,3:46:07 PM,JOLIVEIRA,S273,1,L,2001417263,16,0,1
1000000053834,,HS,POST,MI02,5002,1295-CHM-01-S,21300,Y000030635,FR,2.000,1.000,-1.000,1.000,PK,191.67,USD,JOLIVEIRA,9/11/2026,3:48:10 PM,,-191.67,,,,9/11/2026,3:46:07 PM,9/11/2026,4:55:19 PM,FWONG,9/11/2026,3:46:07 PM,JOLIVEIRA,S273,1.000,PK,2001417264,17,0,1
1000000053834,,HS,POST,MI02,5002,1295-CHM-01-S,21663,2166323001,FR,0.500,0.000,-0.500,0.500,PK,24.23,USD,JOLIVEIRA,9/11/2026,3:48:10 PM,,-24.23,,,X,9/11/2026,3:46:07 PM,9/11/2026,4:55:19 PM,FWONG,9/11/2026,3:46:07 PM,JOLIVEIRA,S273,0.000,PK,2001417267,20,0,1
1000000053834,,HS,POST,MI02,5002,1295-CHM-01-S,21487,Y000027918,FR,12,11,-1,1,EA,6.00,USD,JOLIVEIRA,9/11/2026,3:48:10 PM,,-6.00,,,,9/11/2026,3:46:07 PM,9/11/2026,4:55:19 PM,FWONG,9/11/2026,3:46:07 PM,JOLIVEIRA,S273,11,EA,2001417269,22,0,1
1000000053834,,HS,POST,MI02,5002,1295-CHM-01-S,21487,Y000044161,FR,31,26,-5,5,EA,29.99,USD,JOLIVEIRA,9/11/2026,3:48:10 PM,,-29.99,,,,9/11/2026,3:46:07 PM,9/11/2026,4:55:19 PM,FWONG,9/11/2026,3:46:07 PM,JOLIVEIRA,S273,26,EA,2001417270,23,0,1
1000000053834,,HS,POST,MI02,5002,1295-CHM-01-S,21268,Y000042320,FR,1,0,-1,1,EA,254.62,USD,JOLIVEIRA,9/11/2026,3:48:10 PM,,-254.62,,,X,9/11/2026,3:46:07 PM,9/11/2026,4:55:19 PM,FWONG,9/11/2026,3:46:07 PM,JOLIVEIRA,S273,0,EA,2001417272,25,0,1
1000000053834,,HS,POST,MI02,5002,1295-CHM-01-S,21268,Y000044256,FR,1,0,-1,1,EA,254.62,USD,JOLIVEIRA,9/11/2026,3:48:10 PM,,-254.62,,,X,9/11/2026,3:46:07 PM,9/11/2026,4:55:19 PM,FWONG,9/11/2026,3:46:07 PM,JOLIVEIRA,S273,0,EA,2001417273,26,0,1
1000000053834,,HS,POST,MI02,5002,1295-CHM-01-S,21268,Y000047068,FR,4,9,5,5,EA,"1,273.10",USD,JOLIVEIRA,9/11/2026,3:48:10 PM,,"1,273.10",,,,9/11/2026,3:46:07 PM,9/11/2026,4:55:19 PM,FWONG,9/11/2026,3:46:07 PM,JOLIVEIRA,S273,9,EA,2001417274,27,0,1
1000000053834,,HS,POST,MI02,5002,1295-CHM-01-S,B0212,Y000049672,FR,198.220,0,-198.220,198.220,L,"11,902.73",USD,JOLIVEIRA,9/11/2026,3:48:10 PM,,"-11,902.73",,,X,9/11/2026,3:46:07 PM,9/11/2026,4:55:19 PM,FWONG,9/11/2026,3:46:07 PM,JOLIVEIRA,S273,0,L,2001417276,29,0,1
1000000053834,,HS,POST,MI02,5002,1295-CHM-01-S,B0212,Y000049683,FR,607.300,0,-607.300,607.300,L,"36,467.21",USD,JOLIVEIRA,9/11/2026,3:48:10 PM,,"-36,467.21",,,X,9/11/2026,3:46:07 PM,9/11/2026,4:55:19 PM,FWONG,9/11/2026,3:46:07 PM,JOLIVEIRA,S273,0,L,2001417277,30,0,1
1000000053834,,HS,POST,MI02,5002,1295-CHM-01-S,10626,Y000046717,FR,2.900,3,0.100,0.100,L,5.77,USD,JOLIVEIRA,9/11/2026,3:48:10 PM,,5.77,,,,9/11/2026,3:46:07 PM,9/11/2026,4:55:19 PM,FWONG,9/11/2026,3:46:07 PM,JOLIVEIRA,S273,3,L,2001417278,31,0,1
1000000053834,,HS,POST,MI02,5002,1295-CHM-01-S,10626,Y000026584,FR,2.600,6,3.400,3.400,L,196.21,USD,JOLIVEIRA,9/11/2026,3:48:10 PM,,196.21,,,,9/11/2026,3:46:07 PM,9/11/2026,4:55:19 PM,FWONG,9/11/2026,3:46:07 PM,JOLIVEIRA,S273,6,L,2001417279,32,0,1
1000000053834,,HS,POST,MI02,5002,1295-CHM-01-S,21317,Y000041519,FR,4.000,1.000,-3.000,3.000,PK,"1,253.55",USD,JOLIVEIRA,9/11/2026,3:48:10 PM,,"-1,253.55",,,,9/11/2026,3:46:07 PM,9/11/2026,4:55:19 PM,FWONG,9/11/2026,3:46:07 PM,JOLIVEIRA,S273,1.000,PK,2001417281,34,0,1
1000000053834,,HS,POST,MI02,5002,1295-CHM-01-S,21315,Y000042393,FR,2.000,1.000,-1.000,1.000,PK,384.54,USD,JOLIVEIRA,9/11/2026,3:48:10 PM,,-384.54,,,,9/11/2026,3:46:07 PM,9/11/2026,4:55:19 PM,FWONG,9/11/2026,3:46:07 PM,JOLIVEIRA,S273,1.000,PK,2001417282,35,0,1
1000000053834,,HS,POST,MI02,5002,1295-CHM-01-S,21311,Y000033783,FR,7.000,6.000,-1.000,1.000,PK,565.27,USD,JOLIVEIRA,9/11/2026,3:48:10 PM,,-565.27,,,,9/11/2026,3:46:07 PM,9/11/2026,4:55:19 PM,FWONG,9/11/2026,3:46:07 PM,JOLIVEIRA,S273,6.000,PK,2001417283,36,0,1
1000000053834,,HS,POST,MI02,5002,1295-CHM-01-S,20691,Y000047879,FR,4,3,-1,1,EA,202.53,USD,JOLIVEIRA,9/11/2026,3:48:10 PM,,-202.53,,,,9/11/2026,3:46:07 PM,9/11/2026,4:55:19 PM,FWONG,9/11/2026,3:46:07 PM,JOLIVEIRA,S273,3,EA,2001417285,38,0,1
1000000053834,,HS,POST,MI02,5002,1295-CHM-01-S,20134,Y000029310,FR,11,5,-6,6,EA,792.00,USD,JOLIVEIRA,9/11/2026,3:48:10 PM,,-792.00,,,,9/11/2026,3:46:07 PM,9/11/2026,4:55:19 PM,FWONG,9/11/2026,3:46:07 PM,JOLIVEIRA,S273,5,EA,2001417290,43,0,1
1000000053834,,HS,POST,MI02,5002,1295-CHM-01-S,20134,Y000029974,FR,3,6,3,3,EA,396.00,USD,JOLIVEIRA,9/11/2026,3:48:10 PM,,396.00,,,,9/11/2026,3:46:07 PM,9/11/2026,4:55:19 PM,FWONG,9/11/2026,3:46:07 PM,JOLIVEIRA,S273,6,EA,2001417291,44,0,1
1000000053834,,HS,POST,MI02,5002,1295-CHM-01-S,M0201,Y000044954,FR,9,6,-3,3,EA,4.86,USD,JOLIVEIRA,9/11/2026,3:48:10 PM,,-4.86,,,,9/11/2026,3:46:07 PM,9/11/2026,4:55:19 PM,FWONG,9/11/2026,3:46:07 PM,JOLIVEIRA,S273,6,EA,2001417295,48,0,1
1000000053834,,HS,POST,MI02,5002,1295-CHM-01-S,M0205,Y000047935,FR,13,2,-11,11,EA,48.28,USD,JOLIVEIRA,9/11/2026,3:48:10 PM,,-48.28,,,,9/11/2026,3:46:07 PM,9/11/2026,4:55:19 PM,FWONG,9/11/2026,3:46:07 PM,JOLIVEIRA,S273,2,EA,2001417297,50,0,1
1000000053834,,HS,POST,MI02,5002,1295-CHM-01-S,M0206,Y000037935,FR,11,1,-10,10,EA,39.73,USD,JOLIVEIRA,9/11/2026,3:48:10 PM,,-39.73,,,,9/11/2026,3:46:07 PM,9/11/2026,4:55:19 PM,FWONG,9/11/2026,3:46:07 PM,JOLIVEIRA,S273,1,EA,2001417298,51,0,1
1000000053834,,HS,POST,MI02,5002,1295-CHM-01-S,M0401,Y000045948,FR,1,0,-1,1,EA,32.97,USD,JOLIVEIRA,9/11/2026,3:48:10 PM,,-32.97,,,X,9/11/2026,3:46:07 PM,9/11/2026,4:55:19 PM,FWONG,9/11/2026,3:46:07 PM,JOLIVEIRA,S273,0,EA,2001417300,53,0,1
1000000053834,,HS,POST,MI02,5002,1295-CHM-01-S,M0693,Y000050602,FR,14,10,-4,4,EA,140.80,USD,JOLIVEIRA,9/11/2026,3:48:10 PM,,-140.80,,,,9/11/2026,3:46:07 PM,9/11/2026,4:55:19 PM,FWONG,9/11/2026,3:46:07 PM,JOLIVEIRA,S273,10,EA,2001417301,54,0,1
1000000053834,,HS,POST,MI02,5002,1295-CHM-01-S,20007,2000723002,FR,1,0,-1,1,EA,46.49,USD,JOLIVEIRA,9/11/2026,3:48:10 PM,,-46.49,,,X,9/11/2026,3:46:07 PM,9/11/2026,4:55:19 PM,FWONG,9/11/2026,3:46:07 PM,JOLIVEIRA,S273,0,EA,2001417302,55,0,1
1000000053834,,HS,POST,MI02,5002,1295-CHM-01-S,20511,Y000030784,FR,5,0,-5,5,EA,146.93,USD,JOLIVEIRA,9/11/2026,3:48:10 PM,,-146.93,,,X,9/11/2026,3:46:07 PM,9/11/2026,4:55:19 PM,FWONG,9/11/2026,3:46:07 PM,JOLIVEIRA,S273,0,EA,2001417306,59,0,1
1000000053834,,HS,POST,MI02,5002,1295-CHM-01-S,20621,Y000045915,FR,3,2,-1,1,EA,980.10,USD,JOLIVEIRA,9/11/2026,3:48:10 PM,,-980.10,,,,9/11/2026,3:46:07 PM,9/11/2026,4:55:19 PM,FWONG,9/11/2026,3:46:07 PM,JOLIVEIRA,S273,2,EA,2001417308,61,0,1
1000000053834,,HS,POST,MI02,5002,1295-CHM-01-S,20623,Y000045914,FR,1,3,2,2,EA,"2,050.00",USD,JOLIVEIRA,9/11/2026,3:48:10 PM,,"2,050.00",,,,9/11/2026,3:46:07 PM,9/11/2026,4:55:19 PM,FWONG,9/11/2026,3:46:07 PM,JOLIVEIRA,S273,3,EA,2001417310,63,0,1
1000000053834,,HS,POST,MI02,5002,1295-CHM-01-S,20623,Y000037204,FR,4,7,3,3,EA,"3,075.00",USD,JOLIVEIRA,9/11/2026,3:48:10 PM,,"3,075.00",,,,9/11/2026,3:46:07 PM,9/11/2026,4:55:19 PM,FWONG,9/11/2026,3:46:07 PM,JOLIVEIRA,S273,7,EA,2001417311,64,0,1
1000000053834,,HS,POST,MI02,5002,1295-CHM-01-S,B0227,Y000050857,FR,265.800,0,-265.800,265.800,L,"6,038.55",USD,JOLIVEIRA,9/11/2026,3:48:10 PM,,"-6,038.55",,,X,9/11/2026,3:46:07 PM,9/11/2026,4:55:19 PM,FWONG,9/11/2026,3:46:07 PM,JOLIVEIRA,S273,0,L,2001417316,69,0,1
1000000053834,,HS,POST,MI02,5002,1295-CHM-01-S,21278,Y000017953,FR,1,5,4,4,EA,"1,462.00",USD,JOLIVEIRA,9/11/2026,3:48:10 PM,,"1,462.00",,,,9/11/2026,3:46:07 PM,9/11/2026,4:55:19 PM,FWONG,9/11/2026,3:46:07 PM,JOLIVEIRA,S273,5,EA,2001417317,70,0,1
1000000053834,,HS,POST,MI02,5002,1295-CHM-01-S,21447,Y000043668,FR,41,35,-6,6,EA,19.69,USD,JOLIVEIRA,9/11/2026,3:48:10 PM,,-19.69,,,,9/11/2026,3:46:07 PM,9/11/2026,4:55:19 PM,FWONG,9/11/2026,3:46:07 PM,JOLIVEIRA,S273,35,EA,2001417320,73,0,1
1000000053834,,HS,POST,MI02,5002,1295-CHM-01-S,20642,Y000048217,FR,6,3,-3,3,EA,942.66,USD,JOLIVEIRA,9/11/2026,3:48:10 PM,,-942.66,,,,9/11/2026,3:46:07 PM,9/11/2026,4:55:19 PM,FWONG,9/11/2026,3:46:07 PM,JOLIVEIRA,S273,3,EA,2001417325,78,0,1
1000000053834,,HS,POST,MI02,5002,1295-CHM-01-S,21134,Y000043410,FR,7,0,-7,7,EA,832.72,USD,JOLIVEIRA,9/11/2026,3:48:10 PM,,-832.72,,,X,9/11/2026,3:46:07 PM,9/11/2026,4:55:19 PM,FWONG,9/11/2026,3:46:07 PM,JOLIVEIRA,S273,0,EA,2001417329,82,0,1
1000000053834,,HS,POST,MI02,5002,1295-CHM-01-S,20506,Y000034674,FR,2,0,-2,2,EA,488.96,USD,JOLIVEIRA,9/11/2026,3:48:10 PM,,-488.96,,,X,9/11/2026,3:46:07 PM,9/11/2026,4:55:19 PM,FWONG,9/11/2026,3:46:07 PM,JOLIVEIRA,S273,0,EA,2001417333,86,0,1
1000000053834,,HS,POST,MI02,5002,1295-CHM-01-S,20506,Y000034780,FR,1,2,1,1,EA,244.48,USD,JOLIVEIRA,9/11/2026,3:48:10 PM,,244.48,,,,9/11/2026,3:46:07 PM,9/11/2026,4:55:19 PM,FWONG,9/11/2026,3:46:07 PM,JOLIVEIRA,S273,2,EA,2001417334,87,0,1
1000000053834,,HS,POST,MI02,5002,1295-CHM-01-S,21761,Y000048724,FR,8,13,5,5,EA,512.70,USD,JOLIVEIRA,9/11/2026,3:48:10 PM,,512.70,,,,9/11/2026,3:46:07 PM,9/11/2026,4:55:19 PM,FWONG,9/11/2026,3:46:07 PM,JOLIVEIRA,S273,13,EA,2001417337,90,0,1
1000000053834,,HS,POST,MI02,5002,1295-CHM-01-S,21761,Y000035594,FR,1,3,2,2,EA,205.08,USD,JOLIVEIRA,9/11/2026,3:48:10 PM,,205.08,,,,9/11/2026,3:46:07 PM,9/11/2026,4:55:19 PM,FWONG,9/11/2026,3:46:07 PM,JOLIVEIRA,S273,3,EA,2001417341,94,0,1
1000000053834,,HS,POST,MI02,5002,1295-CHM-01-S,21761,Y000037806,FR,4,5,1,1,EA,102.54,USD,JOLIVEIRA,9/11/2026,3:48:10 PM,,102.54,,,,9/11/2026,3:46:07 PM,9/11/2026,4:55:19 PM,FWONG,9/11/2026,3:46:07 PM,JOLIVEIRA,S273,5,EA,2001417342,95,0,1
1000000053834,,HS,POST,MI02,5002,1295-CHM-01-S,10000024,Y000021204,FR,1,0,-1,1,EA,"1,817.00",USD,JOLIVEIRA,9/11/2026,3:48:10 PM,,"-1,817.00",,,X,9/11/2026,3:46:07 PM,9/11/2026,4:55:19 PM,FWONG,9/11/2026,3:46:07 PM,JOLIVEIRA,S273,0,EA,2001417344,97,0,1
1000000053834,,HS,POST,MI02,5002,1295-CHM-01-S,83000042,Y000050822,FR,0.640,0,-0.640,0.640,L,109.99,USD,JOLIVEIRA,9/11/2026,3:48:10 PM,,-109.99,,,X,9/11/2026,3:46:07 PM,9/11/2026,4:55:19 PM,FWONG,9/11/2026,3:46:07 PM,JOLIVEIRA,S273,0,L,2001417345,98,0,1
1000000053834,,HS,POST,MI02,5002,1295-CHM-01-S,10000025,Y000033544,FR,1,2,1,1,EA,939.56,USD,JOLIVEIRA,9/11/2026,3:48:10 PM,,939.56,,,,9/11/2026,3:46:07 PM,9/11/2026,4:55:19 PM,FWONG,9/11/2026,3:46:07 PM,JOLIVEIRA,S273,2,EA,2001417346,99,0,1
1000000053834,,HS,POST,MI02,5002,1295-CHM-01-S,10000025,Y000025311,FR,6,5,-1,1,EA,939.56,USD,JOLIVEIRA,9/11/2026,3:48:10 PM,,-939.56,,,,9/11/2026,3:46:07 PM,9/11/2026,4:55:19 PM,FWONG,9/11/2026,3:46:07 PM,JOLIVEIRA,S273,5,EA,2001417347,100,0,1
1000000053835,,HS,POST,MI02,5002,1332-SSO-01-S,83000362,Y000051249,FR,0,5.120,5.120,5.120,L,"11,825.87",USD,JRYAN1,9/11/2026,4:18:48 PM,,"11,825.87",,,,9/11/2026,4:12:26 PM,9/12/2026,7:04:04 AM,LKEBER,9/11/2026,4:12:26 PM,JRYAN1,S273,5.120,L,2001417353,1,0,1
1000000053835,,HS,POST,MI02,5002,1332-SSO-01-S,83000362,Y000050699,FR,0,4.220,4.220,4.220,L,"9,747.10",USD,JRYAN1,9/11/2026,4:18:48 PM,,"9,747.10",,,,9/11/2026,4:12:26 PM,9/12/2026,7:04:04 AM,LKEBER,9/11/2026,4:12:26 PM,JRYAN1,S273,4.220,L,2001417354,2,0,1
1000000053835,,HS,POST,MI02,5002,1332-SSO-01-S,83000369,Y000051203,FR,0,0.500,0.500,0.500,L,"8,339.26",USD,JRYAN1,9/11/2026,4:18:48 PM,,"8,339.26",,,,9/11/2026,4:12:26 PM,9/12/2026,7:04:04 AM,LKEBER,9/11/2026,4:12:26 PM,JRYAN1,S273,0.500,L,2001417355,3,0,1
1000000053835,,HS,POST,MI02,5002,1332-SSO-01-S,20003,Y000043752,FR,0,13,13,13,EA,21.62,USD,JRYAN1,9/11/2026,4:18:48 PM,,21.62,,,,9/11/2026,4:12:26 PM,9/12/2026,7:04:04 AM,LKEBER,9/11/2026,4:12:26 PM,JRYAN1,S273,13,EA,2001417356,4,0,1
1000000053835,,HS,POST,MI02,5002,1332-SSO-01-S,20003,Y000043429,FR,0,74,74,74,EA,123.06,USD,JRYAN1,9/11/2026,4:18:48 PM,,123.06,,,,9/11/2026,4:12:26 PM,9/12/2026,7:04:04 AM,LKEBER,9/11/2026,4:12:26 PM,JRYAN1,S273,74,EA,2001417357,5,0,1
1000000053835,,HS,POST,MI02,5002,1332-SSO-01-S,20004,Y000043746,FR,0,24,24,24,EA,81.50,USD,JRYAN1,9/11/2026,4:18:48 PM,,81.50,,,,9/11/2026,4:12:26 PM,9/12/2026,7:04:04 AM,LKEBER,9/11/2026,4:12:26 PM,JRYAN1,S273,24,EA,2001417358,6,0,1
1000000053835,,HS,POST,MI02,5002,1332-SSO-01-S,20131,Y000047439,FR,0,1,1,1,EA,70.00,USD,JRYAN1,9/11/2026,4:18:48 PM,,70.00,,,,9/11/2026,4:12:26 PM,9/12/2026,7:04:04 AM,LKEBER,9/11/2026,4:12:26 PM,JRYAN1,S273,1,EA,2001417359,7,0,1
1000000053835,,HS,POST,MI02,5002,1332-SSO-01-S,20743,Y000036788,FR,0,1,1,1,EA,130.08,USD,JRYAN1,9/11/2026,4:18:48 PM,,130.08,,,,9/11/2026,4:12:26 PM,9/12/2026,7:04:04 AM,LKEBER,9/11/2026,4:12:26 PM,JRYAN1,S273,1,EA,2001417360,8,0,1
1000000053835,,HS,POST,MI02,5002,1332-SSO-01-S,20743,Y000026575,FR,0,1,1,1,EA,130.08,USD,JRYAN1,9/11/2026,4:18:48 PM,,130.08,,,,9/11/2026,4:12:26 PM,9/12/2026,7:04:04 AM,LKEBER,9/11/2026,4:12:26 PM,JRYAN1,S273,1,EA,2001417361,9,0,1
1000000053835,,HS,POST,MI02,5002,1332-SSO-01-S,20779,Y000045918,FR,0.000,22.000,22.000,22.000,PK,558.75,USD,JRYAN1,9/11/2026,4:18:48 PM,,558.75,,,,9/11/2026,4:12:26 PM,9/12/2026,7:04:04 AM,LKEBER,9/11/2026,4:12:26 PM,JRYAN1,S273,22.000,PK,2001417362,10,0,1
1000000053835,,HS,POST,MI02,5002,1332-SSO-01-S,20803,Y000017609,FR,0,2,2,2,EA,723.90,USD,JRYAN1,9/11/2026,4:18:48 PM,,723.90,,,,9/11/2026,4:12:26 PM,9/12/2026,7:04:04 AM,LKEBER,9/11/2026,4:12:26 PM,JRYAN1,S273,2,EA,2001417363,11,0,1
1000000053835,,HS,POST,MI02,5002,1332-SSO-01-S,20920,Y000051800,FR,0,4,4,4,EA,536.64,USD,JRYAN1,9/11/2026,4:18:48 PM,,536.64,,,,9/11/2026,4:12:26 PM,9/12/2026,7:04:04 AM,LKEBER,9/11/2026,4:12:26 PM,JRYAN1,S273,4,EA,2001417364,12,0,1
1000000053835,,HS,POST,MI02,5002,1332-SSO-01-S,20920,Y000030628,FR,0,7,7,7,EA,939.12,USD,JRYAN1,9/11/2026,4:18:48 PM,,939.12,,,,9/11/2026,4:12:26 PM,9/12/2026,7:04:04 AM,LKEBER,9/11/2026,4:12:26 PM,JRYAN1,S273,7,EA,2001417365,13,0,1
1000000053835,,HS,POST,MI02,5002,1332-SSO-01-S,20920,Y000016870,FR,0,6,6,6,EA,804.96,USD,JRYAN1,9/11/2026,4:18:25 PM,,804.96,,,,9/11/2026,4:12:26 PM,9/12/2026,7:04:04 AM,LKEBER,9/11/2026,4:12:26 PM,JRYAN1,S273,6,EA,2001417366,14,0,1
1000000053835,,HS,POST,MI02,5002,1332-SSO-01-S,20920,Y000030634,FR,0,2,2,2,EA,268.32,USD,JRYAN1,9/11/2026,4:17:50 PM,,268.32,,,,9/11/2026,4:12:26 PM,9/12/2026,7:04:04 AM,LKEBER,9/11/2026,4:12:26 PM,JRYAN1,S273,2,EA,2001417367,15,0,1
1000000053835,,HS,POST,MI02,5002,1332-SSO-01-S,21090,Y000031726,FR,0,2,2,2,EA,436.74,USD,JRYAN1,9/11/2026,4:17:35 PM,,436.74,,,,9/11/2026,4:12:26 PM,9/12/2026,7:04:04 AM,LKEBER,9/11/2026,4:12:26 PM,JRYAN1,S273,2,EA,2001417368,16,0,1
1000000053835,,HS,POST,MI02,5002,1332-SSO-01-S,21487,Y000045832,FR,0,10,10,10,EA,59.98,USD,JRYAN1,9/11/2026,4:17:23 PM,,59.98,,,,9/11/2026,4:12:26 PM,9/12/2026,7:04:04 AM,LKEBER,9/11/2026,4:12:26 PM,JRYAN1,S273,10,EA,2001417369,17,0,1
1000000053835,,HS,POST,MI02,5002,1332-SSO-01-S,53000293,Y000051239,FR,0,0.300,0.300,0.300,L,"8,663.64",USD,JRYAN1,9/11/2026,4:17:08 PM,,"8,663.64",,,,9/11/2026,4:12:26 PM,9/12/2026,7:04:04 AM,LKEBER,9/11/2026,4:12:26 PM,JRYAN1,S273,0.300,L,2001417370,18,0,1
1000000053835,,HS,POST,MI02,5002,1332-SSO-01-S,53000293,Y000049236,FR,0,0.100,0.100,0.100,L,"2,887.88",USD,JRYAN1,9/11/2026,4:16:49 PM,,"2,887.88",,,,9/11/2026,4:12:26 PM,9/12/2026,7:04:04 AM,LKEBER,9/11/2026,4:12:26 PM,JRYAN1,S273,0.100,L,2001417371,19,0,1
1000000053835,,HS,POST,MI02,5002,1332-SSO-01-S,53000293,Y000050280,FR,0,0.170,0.170,0.170,L,"4,909.40",USD,JRYAN1,9/11/2026,4:16:34 PM,,"4,909.40",,,,9/11/2026,4:12:26 PM,9/12/2026,7:04:04 AM,LKEBER,9/11/2026,4:12:26 PM,JRYAN1,S273,0.170,L,2001417372,20,0,1
1000000053835,,HS,POST,MI02,5002,1332-SSO-01-S,83000363,Y000051240,FR,0,3.010,3.010,3.010,L,"9,562.92",USD,JRYAN1,9/11/2026,4:15:59 PM,,"9,562.92",,,,9/11/2026,4:12:26 PM,9/12/2026,7:04:04 AM,LKEBER,9/11/2026,4:12:26 PM,JRYAN1,S273,3.010,L,2001417373,21,0,1
1000000053835,,HS,POST,MI02,5002,1332-SSO-01-S,83000367,Y000052853,FR,0,8,8,8,L,"11,954.32",USD,JRYAN1,9/11/2026,4:15:40 PM,,"11,954.32",,,,9/11/2026,4:12:26 PM,9/12/2026,7:04:04 AM,LKEBER,9/11/2026,4:12:26 PM,JRYAN1,S273,8,L,2001417374,22,0,1
1000000053836,,HS,POST,MI02,5002,1332-SSO-01-S,10937,Y000049360,FR,0,1,1,1,L,623.44,USD,JRYAN1,9/11/2026,4:14:59 PM,,623.44,,,,9/11/2026,4:14:16 PM,9/12/2026,7:05:52 AM,LKEBER,9/11/2026,4:14:16 PM,JRYAN1,S273,1,L,2001417375,1,0,1
1000000053836,,HS,POST,MI02,5002,1332-SSO-01-S,21693,Y000050150,FR,0,1,1,1,EA,557.47,USD,JRYAN1,9/11/2026,4:14:59 PM,,557.47,,,,9/11/2026,4:14:16 PM,9/12/2026,7:05:52 AM,LKEBER,9/11/2026,4:14:16 PM,JRYAN1,S273,1,EA,2001417376,2,0,1
1000000053837,,HS,POST,MI02,5009,1280-RNA-01-S,10099,Y000044745,FR,0,40,40,40,L,"1,558.78",USD,BOMALLEY1,9/11/2026,4:41:40 PM,,"1,558.78",,,,9/11/2026,4:40:23 PM,9/11/2026,4:42:19 PM,FWONG,9/11/2026,4:40:23 PM,BOMALLEY1,S280,40,L,2001417048,1,0,1
1000000053838,,HS,POST,MI02,5006,2258-INT-01-S,10464,Y000041746,FR,0,11,11,11,EA,619.08,USD,RELLIOTT,9/12/2026,8:20:12 AM,,619.08,,,,9/12/2026,8:19:06 AM,9/12/2026,8:29:58 AM,SLOUF,9/12/2026,8:19:06 AM,RELLIOTT,S277,11,EA,2001417714,1,0,1
1000000053839,,HS,POST,MI02,5007,1311A-LMX-01-S,83000222,Y000052595,FR,137.500,0,-137.500,137.500,L,"35,418.63",USD,SSZUCS,9/12/2026,12:26:39 PM,,"-35,418.63",,,X,9/12/2026,12:26:08 PM,9/12/2026,2:34:59 PM,MDANDAMUDI,9/12/2026,12:26:08 PM,SSZUCS,S278,0,L,2001417648,1,0,1
1000000053839,,HS,POST,MI02,5007,1311A-LMX-01-S,83000227,Y000052715,FR,38.650,0,-38.650,38.650,L,"2,549.74",USD,SSZUCS,9/12/2026,12:26:39 PM,,"-2,549.74",,,X,9/12/2026,12:26:08 PM,9/12/2026,2:34:59 PM,MDANDAMUDI,9/12/2026,12:26:08 PM,SSZUCS,S278,0,L,2001417649,2,0,1
1000000053839,,HS,POST,MI02,5007,1311A-LMX-01-S,10000633,Y000049181,FR,1,0,-1,1,EA,637.42,USD,SSZUCS,9/12/2026,12:26:39 PM,,-637.42,,,X,9/12/2026,12:26:08 PM,9/12/2026,2:34:59 PM,MDANDAMUDI,9/12/2026,12:26:08 PM,SSZUCS,S278,0,EA,2001417652,5,0,1
1000000053839,,HS,POST,MI02,5007,1311A-LMX-01-S,53000208,Y000051524,FR,201.180,0,-201.180,201.180,L,"10,620.29",USD,SSZUCS,9/12/2026,12:26:39 PM,,"-10,620.29",,,X,9/12/2026,12:26:08 PM,9/12/2026,2:34:59 PM,MDANDAMUDI,9/12/2026,12:26:08 PM,SSZUCS,S278,0,L,2001417653,6,0,1
1000000053839,,HS,POST,MI02,5007,1311A-LMX-01-S,B0170,Y000052468,FR,5.540,0,-5.540,5.540,L,729.99,USD,SSZUCS,9/12/2026,12:26:39 PM,,-729.99,,,X,9/12/2026,12:26:08 PM,9/12/2026,2:34:59 PM,MDANDAMUDI,9/12/2026,12:26:08 PM,SSZUCS,S278,0,L,2001417659,12,0,1
1000000053839,,HS,POST,MI02,5007,1311A-LMX-01-S,B0018,Y000052633,FR,195.300,0,-195.300,195.300,L,"24,930.16",USD,SSZUCS,9/12/2026,12:26:39 PM,,"-24,930.16",,,X,9/12/2026,12:26:08 PM,9/12/2026,2:34:59 PM,MDANDAMUDI,9/12/2026,12:26:08 PM,SSZUCS,S278,0,L,2001417660,13,0,1
1000000053839,,HS,POST,MI02,5007,1311A-LMX-01-S,20310,Y000051488,FR,1,3,2,2,EA,568.80,USD,SSZUCS,9/12/2026,12:26:39 PM,,568.80,,,,9/12/2026,12:26:08 PM,9/12/2026,2:34:59 PM,MDANDAMUDI,9/12/2026,12:26:08 PM,SSZUCS,S278,3,EA,2001417664,17,0,1
1000000053839,,HS,POST,MI02,5007,1311A-LMX-01-S,20591,Y000048093,FR,1,0,-1,1,EA,265.74,USD,SSZUCS,9/12/2026,12:26:39 PM,,-265.74,,,X,9/12/2026,12:26:08 PM,9/12/2026,2:34:59 PM,MDANDAMUDI,9/12/2026,12:26:08 PM,SSZUCS,S278,0,EA,2001417665,18,0,1
1000000053839,,HS,POST,MI02,5007,1311A-LMX-01-S,M0682,M068221172,FR,7,8,1,1,EA,527.04,USD,SSZUCS,9/12/2026,12:26:39 PM,,527.04,,,,9/12/2026,12:26:08 PM,9/12/2026,2:34:59 PM,MDANDAMUDI,9/12/2026,12:26:08 PM,SSZUCS,S278,8,EA,2001417669,22,0,1
1000000053839,,HS,POST,MI02,5007,1311A-LMX-01-S,20456,Y000041364,FR,2,1,-1,1,EA,92.64,USD,SSZUCS,9/12/2026,12:26:39 PM,,-92.64,,,,9/12/2026,12:26:08 PM,9/12/2026,2:34:59 PM,MDANDAMUDI,9/12/2026,12:26:08 PM,SSZUCS,S278,1,EA,2001417673,26,0,1
1000000053839,,HS,POST,MI02,5007,1311A-LMX-01-S,20597,Y000047778,FR,1,3,2,2,EA,617.76,USD,SSZUCS,9/12/2026,12:26:39 PM,,617.76,,,,9/12/2026,12:26:08 PM,9/12/2026,2:34:59 PM,MDANDAMUDI,9/12/2026,12:26:08 PM,SSZUCS,S278,3,EA,2001417676,29,0,1
1000000053839,,HS,POST,MI02,5007,1311A-LMX-01-S,20597,Y000050284,FR,5,3,-2,2,EA,617.76,USD,SSZUCS,9/12/2026,12:26:39 PM,,-617.76,,,,9/12/2026,12:26:08 PM,9/12/2026,2:34:59 PM,MDANDAMUDI,9/12/2026,12:26:08 PM,SSZUCS,S278,3,EA,2001417677,30,0,1
1000000053839,,HS,POST,MI02,5007,1311A-LMX-01-S,20628,Y000037870,FR,1,0,-1,1,EA,"1,820.00",USD,SSZUCS,9/12/2026,12:26:39 PM,,"-1,820.00",,,X,9/12/2026,12:26:08 PM,9/12/2026,2:34:59 PM,MDANDAMUDI,9/12/2026,12:26:08 PM,SSZUCS,S278,0,EA,2001417683,36,0,1
1000000053839,,HS,POST,MI02,5007,1311A-LMX-01-S,20794,Y000039729,FR,1,2,1,1,EA,322.50,USD,SSZUCS,9/12/2026,12:26:39 PM,,322.50,,,,9/12/2026,12:26:08 PM,9/12/2026,2:34:59 PM,MDANDAMUDI,9/12/2026,12:26:08 PM,SSZUCS,S278,2,EA,2001417687,40,0,1
1000000053839,,HS,POST,MI02,5007,1311A-LMX-01-S,20794,Y000047281,FR,2,1,-1,1,EA,322.50,USD,SSZUCS,9/12/2026,12:26:39 PM,,-322.50,,,,9/12/2026,12:26:08 PM,9/12/2026,2:34:59 PM,MDANDAMUDI,9/12/2026,12:26:08 PM,SSZUCS,S278,1,EA,2001417688,41,0,1
1000000053839,,HS,POST,MI02,5007,1311A-LMX-01-S,21188,Y000047150,FR,1,0,-1,1,EA,"1,350.37",USD,SSZUCS,9/12/2026,12:26:39 PM,,"-1,350.37",,,X,9/12/2026,12:26:08 PM,9/12/2026,2:34:59 PM,MDANDAMUDI,9/12/2026,12:26:08 PM,SSZUCS,S278,0,EA,2001417690,43,0,1
1000000053839,,HS,POST,MI02,5007,1311A-LMX-01-S,21138,Y000041255,FR,3,6,3,3,EA,492.69,USD,SSZUCS,9/12/2026,12:26:39 PM,,492.69,,,,9/12/2026,12:26:08 PM,9/12/2026,2:34:59 PM,MDANDAMUDI,9/12/2026,12:26:08 PM,SSZUCS,S278,6,EA,2001417691,44,0,1
1000000053839,,HS,POST,MI02,5007,1311A-LMX-01-S,21135,Y000041091,FR,1,2,1,1,EA,103.03,USD,SSZUCS,9/12/2026,12:26:39 PM,,103.03,,,,9/12/2026,12:26:08 PM,9/12/2026,2:34:59 PM,MDANDAMUDI,9/12/2026,12:26:08 PM,SSZUCS,S278,2,EA,2001417693,46,0,1
1000000053839,,HS,POST,MI02,5007,1311A-LMX-01-S,21134,Y000038589,FR,3,1,-2,2,EA,237.92,USD,SSZUCS,9/12/2026,12:26:39 PM,,-237.92,,,,9/12/2026,12:26:08 PM,9/12/2026,2:34:59 PM,MDANDAMUDI,9/12/2026,12:26:08 PM,SSZUCS,S278,1,EA,2001417694,47,0,1
1000000053839,,HS,POST,MI02,5007,1311A-LMX-01-S,21134,Y000043406,FR,10,19,9,9,EA,"1,070.64",USD,SSZUCS,9/12/2026,12:26:39 PM,,"1,070.64",,,,9/12/2026,12:26:08 PM,9/12/2026,2:34:59 PM,MDANDAMUDI,9/12/2026,12:26:08 PM,SSZUCS,S278,19,EA,2001417696,49,0,1
1000000053839,,HS,POST,MI02,5007,1311A-LMX-01-S,21097,Y000043411,FR,2,0,-2,2,EA,547.14,USD,SSZUCS,9/12/2026,12:26:39 PM,,-547.14,,,X,9/12/2026,12:26:08 PM,9/12/2026,2:34:59 PM,MDANDAMUDI,9/12/2026,12:26:08 PM,SSZUCS,S278,0,EA,2001417697,50,0,1
1000000053839,,HS,POST,MI02,5007,1311A-LMX-01-S,21090,Y000044603,FR,3,4,1,1,EA,218.37,USD,SSZUCS,9/12/2026,12:26:39 PM,,218.37,,,,9/12/2026,12:26:08 PM,9/12/2026,2:34:59 PM,MDANDAMUDI,9/12/2026,12:26:08 PM,SSZUCS,S278,4,EA,2001417698,51,0,1
1000000053839,,HS,POST,MI02,5007,1311A-LMX-01-S,21081,Y000045595,FR,1,0,-1,1,EA,668.95,USD,SSZUCS,9/12/2026,12:26:39 PM,,-668.95,,,X,9/12/2026,12:26:08 PM,9/12/2026,2:34:59 PM,MDANDAMUDI,9/12/2026,12:26:08 PM,SSZUCS,S278,0,EA,2001417902,55,0,1
1000000053839,,HS,POST,MI02,5007,1311A-LMX-01-S,83000313,Y000051607,FR,10.750,0,-10.750,10.750,L,"5,873.37",USD,SSZUCS,9/12/2026,12:26:39 PM,,"-5,873.37",,,X,9/12/2026,12:26:08 PM,9/12/2026,2:34:59 PM,MDANDAMUDI,9/12/2026,12:26:08 PM,SSZUCS,S278,0,L,2001417903,56,0,1
1000000053839,,HS,POST,MI02,5007,1311A-LMX-01-S,83000314,Y000051613,FR,3.610,0,-3.610,3.610,L,"12,187.43",USD,SSZUCS,9/12/2026,12:26:39 PM,,"-12,187.43",,,X,9/12/2026,12:26:08 PM,9/12/2026,2:34:59 PM,MDANDAMUDI,9/12/2026,12:26:08 PM,SSZUCS,S278,0,L,2001417904,57,0,1
1000000053839,,HS,POST,MI02,5007,1311A-LMX-01-S,83000315,Y000051611,FR,0.420,0,-0.420,0.420,L,"6,193.47",USD,SSZUCS,9/12/2026,12:26:39 PM,,"-6,193.47",,,X,9/12/2026,12:26:08 PM,9/12/2026,2:34:59 PM,MDANDAMUDI,9/12/2026,12:26:08 PM,SSZUCS,S278,0,L,2001417905,58,0,1
1000000053840,,HS,POST,MI02,5007,1311A-LMX-01-S,M0717,M071723006,FR,0,1,1,1,EA,344.74,USD,SSZUCS,9/12/2026,4:10:04 PM,,344.74,,,,9/12/2026,4:09:42 PM,9/12/2026,4:18:54 PM,MDANDAMUDI,9/12/2026,4:09:42 PM,SSZUCS,S278,1,EA,2001417931,1,0,1
1000000053840,,HS,POST,MI02,5007,1311A-LMX-01-S,M0532,Y000036344,FR,0.000,0.800,0.800,0.800,PK,"1,071.58",USD,SSZUCS,9/12/2026,4:10:04 PM,,"1,071.58",,,,9/12/2026,4:09:42 PM,9/12/2026,4:18:54 PM,MDANDAMUDI,9/12/2026,4:09:42 PM,SSZUCS,S278,0.800,PK,2001417932,2,0,1
1000000053840,,HS,POST,MI02,5007,1311A-LMX-01-S,M0638,Y000028183,FR,0,2,2,2,EA,226.70,USD,SSZUCS,9/12/2026,4:10:04 PM,,226.70,,,,9/12/2026,4:09:42 PM,9/12/2026,4:18:54 PM,MDANDAMUDI,9/12/2026,4:09:42 PM,SSZUCS,S278,2,EA,2001417933,3,0,1
1000000053840,,HS,POST,MI02,5007,1311A-LMX-01-S,20325,Y000037714,FR,0,1,1,1,EA,"3,615.34",USD,SSZUCS,9/12/2026,4:10:04 PM,,"3,615.34",,,,9/12/2026,4:09:42 PM,9/12/2026,4:18:54 PM,MDANDAMUDI,9/12/2026,4:09:42 PM,SSZUCS,S278,1,EA,2001417934,4,0,1
1000000053840,,HS,POST,MI02,5007,1311A-LMX-01-S,21233,Y000046579,FR,0,1,1,1,EA,246.01,USD,SSZUCS,9/12/2026,4:10:04 PM,,246.01,,,,9/12/2026,4:09:42 PM,9/12/2026,4:18:54 PM,MDANDAMUDI,9/12/2026,4:09:42 PM,SSZUCS,S278,1,EA,2001417935,5,0,1
1000000053840,,HS,POST,MI02,5007,1311A-LMX-01-S,21233,Y000042454,FR,0,1,1,1,EA,246.01,USD,SSZUCS,9/12/2026,4:10:04 PM,,246.01,,,,9/12/2026,4:09:42 PM,9/12/2026,4:18:54 PM,MDANDAMUDI,9/12/2026,4:09:42 PM,SSZUCS,S278,1,EA,2001417936,6,0,1
1000000053840,,HS,POST,MI02,5007,1311A-LMX-01-S,21091,Y000051656,FR,0,1,1,1,EA,233.99,USD,SSZUCS,9/12/2026,4:10:04 PM,,233.99,,,,9/12/2026,4:09:42 PM,9/12/2026,4:18:54 PM,MDANDAMUDI,9/12/2026,4:09:42 PM,SSZUCS,S278,1,EA,2001417937,7,0,1
1000000053840,,HS,POST,MI02,5007,1311A-LMX-01-S,21053,Y000048250,FR,0,2,2,2,EA,111.80,USD,SSZUCS,9/12/2026,4:10:04 PM,,111.80,,,,9/12/2026,4:09:42 PM,9/12/2026,4:18:54 PM,MDANDAMUDI,9/12/2026,4:09:42 PM,SSZUCS,S278,2,EA,2001417938,8,0,1
1000000053840,,HS,POST,MI02,5007,1311A-LMX-01-S,20944,Y000047061,FR,0,1,1,1,EA,724.62,USD,SSZUCS,9/12/2026,4:10:04 PM,,724.62,,,,9/12/2026,4:09:42 PM,9/12/2026,4:18:54 PM,MDANDAMUDI,9/12/2026,4:09:42 PM,SSZUCS,S278,1,EA,2001417939,9,0,1
1000000053842,,HS,POST,MI02,5008,1339-LNP-01-S,21090,Y000044210,FR,2,0,-2,2,EA,436.74,USD,SPABLA,9/12/2026,9:23:29 PM,,-436.74,,,X,9/12/2026,8:58:25 PM,9/12/2026,10:40:33 PM,SCHET1,9/12/2026,8:58:25 PM,CWESH,S279,0,EA,2001417947,1,0,1
1000000053843,,HS,POST,MI02,5008,1339-LNP-01-S,21134,Y000038589,FR,2,0,-2,2,EA,237.92,USD,SPABLA,9/12/2026,9:24:33 PM,,-237.92,,,X,9/12/2026,8:59:33 PM,9/12/2026,10:40:33 PM,SCHET1,9/12/2026,8:59:33 PM,CWESH,S279,0,EA,2001417948,1,0,1
1000000053844,,HS,POST,MI02,5008,1339-LNP-01-S,21339,Y000045200,FR,5,0,-5,5,EA,182.16,USD,SPABLA,9/12/2026,9:24:25 PM,,-182.16,,,X,9/12/2026,9:00:52 PM,9/12/2026,10:40:33 PM,SCHET1,9/12/2026,9:00:52 PM,CWESH,S279,0,EA,2001417949,1,0,1
1000000053845,,HS,POST,MI02,5008,1339-LNP-01-S,B0227,Y000052312,FR,200,0,-200,200,L,"4,543.68",USD,SPABLA,9/12/2026,9:24:18 PM,,"-4,543.68",,,X,9/12/2026,9:02:09 PM,9/12/2026,10:40:33 PM,SCHET1,9/12/2026,9:02:09 PM,CWESH,S279,0,L,2001417950,1,0,1
1000000053846,,HS,POST,MI02,5008,1339-LNP-01-S,20656,Y000021185,FR,1,0,-1,1,EA,792.30,USD,SPABLA,9/12/2026,9:24:08 PM,,-792.30,,,X,9/12/2026,9:19:57 PM,9/12/2026,10:40:33 PM,SCHET1,9/12/2026,9:19:57 PM,CWESH,S279,0,EA,2001417951,1,0,1
1000000053847,,HS,POST,MI02,5007,1311-LMX-01-S,21339,Y000045200,FR,1,4,3,3,EA,109.30,USD,RPOOLER,9/13/2026,10:53:40 AM,,109.30,,,,9/13/2026,10:50:57 AM,9/13/2026,10:54:28 AM,JKENT,9/13/2026,10:50:57 AM,RPOOLER,S278,4,EA,2001418177,1,0,1
1000000053848,,HS,POST,MI02,5009,1268-RNA-01-S,M0124,Y000009623,FR,2.000,3.000,1.000,1.000,PK,145.75,USD,BPARRISH,9/13/2026,11:34:12 AM,,145.75,,,,9/13/2026,11:30:07 AM,9/13/2026,12:33:01 PM,JDUSSEAULT,9/13/2026,11:30:07 AM,BPARRISH,S280,3.000,PK,2001418351,8,0,1
1000000053848,,HS,POST,MI02,5009,1268-RNA-01-S,M0707,Y000046351,FR,25,36,11,11,EA,246.40,USD,BPARRISH,9/13/2026,11:35:12 AM,,246.40,,,,9/13/2026,11:30:07 AM,9/13/2026,12:33:01 PM,JDUSSEAULT,9/13/2026,11:30:07 AM,BPARRISH,S280,36,EA,2001418352,9,0,1
1000000053848,,HS,POST,MI02,5009,1268-RNA-01-S,21035,2103524009,FR,2,20,18,18,EA,"8,533.44",USD,BPARRISH,9/13/2026,11:43:39 AM,,"8,533.44",,,,9/13/2026,11:30:07 AM,9/13/2026,12:33:01 PM,JDUSSEAULT,9/13/2026,11:30:07 AM,BPARRISH,S280,20,EA,2001418358,15,0,1
1000000053848,,HS,POST,MI02,5009,1268-RNA-01-S,10469,1046922016,FR,272.180,272,-0.180,0.180,ML,1.76,USD,BPARRISH,9/13/2026,11:43:39 AM,,-1.76,,,,9/13/2026,11:30:07 AM,9/13/2026,12:33:01 PM,JDUSSEAULT,9/13/2026,11:30:07 AM,BPARRISH,S280,272,ML,2001418359,16,0,1
1000000053848,,HS,POST,MI02,5009,1268-RNA-01-S,10475,Y000048107,FR,"1,267.010","1,266.500",-0.510,0.510,ML,4.46,USD,BPARRISH,9/13/2026,11:43:39 AM,,-4.46,,,,9/13/2026,11:30:07 AM,9/13/2026,12:33:01 PM,JDUSSEAULT,9/13/2026,11:30:07 AM,BPARRISH,S280,"1,266.500",ML,2001418361,18,0,1
1000000053848,,HS,POST,MI02,5009,1268-RNA-01-S,10476,Y000024941,FR,740.580,740.560,-0.020,0.020,ML,0.18,USD,BPARRISH,9/13/2026,11:33:48 AM,,-0.18,,,,9/13/2026,11:30:07 AM,9/13/2026,12:33:01 PM,JDUSSEAULT,9/13/2026,11:30:07 AM,BPARRISH,S280,740.560,ML,2001418362,19,0,1
1000000053848,,HS,POST,MI02,5009,1268-RNA-01-S,10492,1049222372,FR,549.720,550,0.280,0.280,ML,3.64,USD,BPARRISH,9/13/2026,11:31:35 AM,,3.64,,,,9/13/2026,11:30:07 AM,9/13/2026,12:33:01 PM,JDUSSEAULT,9/13/2026,11:30:07 AM,BPARRISH,S280,550,ML,2001418366,23,0,1
1000000053848,,HS,POST,MI02,5009,1268-RNA-01-S,10099,Y000044334,FR,19.930,20,0.070,0.070,L,2.73,USD,BPARRISH,9/13/2026,11:43:39 AM,,2.73,,,,9/13/2026,11:30:07 AM,9/13/2026,12:33:01 PM,JDUSSEAULT,9/13/2026,11:30:07 AM,BPARRISH,S280,20,L,2001418374,31,0,1
1000000053848,,HS,POST,MI02,5009,1268-RNA-01-S,M0096,Y000041509,FR,4.000,2.000,-2.000,2.000,PK,948.16,USD,BPARRISH,9/13/2026,11:43:39 AM,,-948.16,,,,9/13/2026,11:30:07 AM,9/13/2026,12:33:01 PM,JDUSSEAULT,9/13/2026,11:30:07 AM,BPARRISH,S280,2.000,PK,2001418377,34,0,1
1000000053848,,HS,POST,MI02,5009,1268-RNA-01-S,M0693,Y000050599,FR,30,26,-4,4,EA,140.80,USD,BPARRISH,9/13/2026,11:43:39 AM,,-140.80,,,,9/13/2026,11:30:07 AM,9/13/2026,12:33:01 PM,JDUSSEAULT,9/13/2026,11:30:07 AM,BPARRISH,S280,26,EA,2001418378,35,0,1
1000000053848,,HS,POST,MI02,5009,1268-RNA-01-S,21270,Y000047368,FR,1,20,19,19,EA,425.58,USD,BPARRISH,9/13/2026,11:43:39 AM,,425.58,,,,9/13/2026,11:30:07 AM,9/13/2026,12:33:01 PM,JDUSSEAULT,9/13/2026,11:30:07 AM,BPARRISH,S280,20,EA,2001418388,45,0,1
1000000053848,,HS,POST,MI02,5009,1268-RNA-01-S,21339,Y000045200,FR,10,5,-5,5,EA,182.16,USD,BPARRISH,9/13/2026,11:43:39 AM,,-182.16,,,,9/13/2026,11:30:07 AM,9/13/2026,12:33:01 PM,JDUSSEAULT,9/13/2026,11:30:07 AM,BPARRISH,S280,5,EA,2001418390,47,0,1
1000000053848,,HS,POST,MI02,5009,1268-RNA-01-S,21134,Y000043873,FR,1,2,1,1,EA,118.96,USD,BPARRISH,9/13/2026,11:43:39 AM,,118.96,,,,9/13/2026,11:30:07 AM,9/13/2026,12:33:01 PM,JDUSSEAULT,9/13/2026,11:30:07 AM,BPARRISH,S280,2,EA,2001418396,53,0,1
1000000053849,,HS,POST,MI02,5009,1268-RNA-01-S,B0096,Y000052656,FR,0,20.050,20.050,20.050,L,"19,614.31",USD,BPARRISH,9/13/2026,12:45:57 PM,,"19,614.31",,,,9/13/2026,12:45:00 PM,9/13/2026,1:01:14 PM,JDUSSEAULT,9/13/2026,12:45:00 PM,BPARRISH,S280,20.050,L,2001418422,1,0,1
1000000053850,,HS,POST,MI02,5009,1268-RNA-01-S,M0693,Y000034543,FR,0,4,4,4,EA,140.80,USD,BPARRISH,9/13/2026,12:50:16 PM,,140.80,,,,9/13/2026,12:48:53 PM,9/13/2026,12:53:08 PM,MCOLLINS3,9/13/2026,12:48:53 PM,BPARRISH,S280,4,EA,2001418423,1,0,1
1000000053850,,HS,POST,MI02,5009,1268-RNA-01-S,21228,Y000047818,FR,0,1,1,1,EA,138.07,USD,BPARRISH,9/13/2026,12:49:46 PM,,138.07,,,,9/13/2026,12:48:53 PM,9/13/2026,12:53:08 PM,MCOLLINS3,9/13/2026,12:48:53 PM,BPARRISH,S280,1,EA,2001418424,2,0,1
1000000053850,,HS,POST,MI02,5009,1268-RNA-01-S,21230,Y000032742,FR,0,4,4,4,EA,148.76,USD,BPARRISH,9/13/2026,12:49:36 PM,,148.76,,,,9/13/2026,12:48:53 PM,9/13/2026,12:53:08 PM,MCOLLINS3,9/13/2026,12:48:53 PM,BPARRISH,S280,4,EA,2001418425,3,0,1
1000000053852,1000000053851,HS,POST,OG3N,,C2-STAGING-N,P0748,Y000045646,FP,80.000,0.000,-80.000,80.000,PK,184.14,USD,RPIERCE,9/14/2026,6:47:14 AM,103807771003326819,-184.14,,,,9/14/2026,6:45:11 AM,9/15/2026,9:19:33 AM,RPORTILLO,9/14/2026,6:45:11 AM,RPIERCE,N129,0.000,,2001418595,1,1,1
1000000053856,1000000053855,HS,POST,OG3N,,D2-3PL-STAGING-N,P1077,P107724001,FP,14.000,0.000,-14.000,14.000,PK,"2,419.20",USD,RPIERCE,9/14/2026,6:47:34 AM,103807771002070942,"-2,419.20",,,,9/14/2026,6:46:42 AM,9/15/2026,9:19:45 AM,RPORTILLO,9/14/2026,6:46:42 AM,RPIERCE,N129,0.000,,2001418624,1,1,1
1000000053857,,HS,POST,MI02,5006,2258-INT-01-S,10464,Y000041746,FR,1,5,4,4,EA,225.12,USD,ACLEAVES,9/14/2026,7:22:59 AM,,225.12,,,,9/14/2026,7:22:30 AM,9/14/2026,7:28:30 AM,MPEREIRA,9/14/2026,7:22:30 AM,ACLEAVES,S277,5,EA,2001418631,1,0,1
1000000053858,,HS,POST,NI02,0001,1325-LCBS-01-S,83000227,Y000052715,FR,199.520,0,-199.520,199.520,L,"13,162.33",USD,GTEJEDA,9/14/2026,9:11:51 AM,,"-13,162.33",,,X,9/14/2026,9:01:33 AM,9/14/2026,2:09:12 PM,JKENT,9/14/2026,9:01:33 AM,GTEJEDA,S237,0,L,2001418716,11,0,1
1000000053858,,HS,POST,NI02,0001,1325-LCBS-01-S,53000138,Y000050573,FR,499.600,0,-499.600,499.600,L,"11,041.16",USD,GTEJEDA,9/14/2026,9:08:28 AM,,"-11,041.16",,,X,9/14/2026,9:01:33 AM,9/14/2026,2:09:12 PM,JKENT,9/14/2026,9:01:33 AM,GTEJEDA,S237,0,L,2001418721,16,0,1
1000000053858,,HS,POST,NI02,0001,1325-LCBS-01-S,53000152,Y000049474,FR,401.100,0,-401.100,401.100,L,"24,066.00",USD,GTEJEDA,9/14/2026,9:05:19 AM,,"-24,066.00",,,X,9/14/2026,9:01:33 AM,9/14/2026,2:09:12 PM,JKENT,9/14/2026,9:01:33 AM,GTEJEDA,S237,0,L,2001418726,21,0,1
1000000053858,,HS,POST,NI02,0001,1325-LCBS-01-S,53000156,Y000053263,FR,998.100,898.400,-99.700,99.700,L,"5,713.81",USD,GTEJEDA,9/14/2026,9:08:45 AM,,"-5,713.81",,,,9/14/2026,9:01:33 AM,9/14/2026,2:09:12 PM,JKENT,9/14/2026,9:01:33 AM,GTEJEDA,S237,898.400,L,2001418729,24,0,1
1000000053858,,HS,POST,NI02,0001,1325-LCBS-01-S,53000156,Y000050405,FR,498.980,797.110,298.130,298.130,L,"17,085.83",USD,GTEJEDA,9/14/2026,9:09:58 AM,,"17,085.83",,,,9/14/2026,9:01:33 AM,9/14/2026,2:09:12 PM,JKENT,9/14/2026,9:01:33 AM,GTEJEDA,S237,797.110,L,2001418730,25,0,1
1000000053858,,HS,POST,NI02,0001,1325-LCBS-01-S,53000200,Y000048612,FR,101.310,0,-101.310,101.310,L,"10,625.39",USD,GTEJEDA,9/14/2026,9:15:48 AM,,"-10,625.39",,,X,9/14/2026,9:01:33 AM,9/14/2026,2:09:12 PM,JKENT,9/14/2026,9:01:33 AM,GTEJEDA,S237,0,L,2001418733,28,0,1
1000000053858,,HS,POST,NI02,0001,1325-LCBS-01-S,53000204,Y000051363,FR,0.300,0,-0.300,0.300,L,33.95,USD,GTEJEDA,9/14/2026,9:27:30 AM,,-33.95,,,X,9/14/2026,9:01:33 AM,9/14/2026,2:09:12 PM,JKENT,9/14/2026,9:01:33 AM,GTEJEDA,S237,0,L,2001418737,32,0,1
1000000053858,,HS,POST,NI02,0001,1325-LCBS-01-S,53000205,Y000047979,FR,377.890,200.290,-177.600,177.600,L,"10,029.07",USD,GTEJEDA,9/14/2026,9:27:30 AM,,"-10,029.07",,,,9/14/2026,9:01:33 AM,9/14/2026,2:09:12 PM,JKENT,9/14/2026,9:01:33 AM,GTEJEDA,S237,200.290,L,2001418738,33,0,1
1000000053858,,HS,POST,NI02,0001,1325-LCBS-01-S,53000205,Y000047185,FR,199.590,0,-199.590,199.590,L,"11,270.85",USD,GTEJEDA,9/14/2026,9:27:30 AM,,"-11,270.85",,,X,9/14/2026,9:01:33 AM,9/14/2026,2:09:12 PM,JKENT,9/14/2026,9:01:33 AM,GTEJEDA,S237,0,L,2001418739,34,0,1
1000000053858,,HS,POST,NI02,0001,1325-LCBS-01-S,53000224,Y000051161,FR,50.060,0,-50.060,50.060,L,"29,360.19",USD,GTEJEDA,9/14/2026,9:27:30 AM,,"-29,360.19",,,X,9/14/2026,9:01:33 AM,9/14/2026,2:09:12 PM,JKENT,9/14/2026,9:01:33 AM,GTEJEDA,S237,0,L,2001418747,42,0,1
1000000053858,,HS,POST,NI02,0001,1325-LCBS-01-S,B0207,Y000047182,FR,"1,997.610",0,"-1,997.610","1,997.610",L,"46,352.14",USD,GTEJEDA,9/14/2026,9:16:26 AM,,"-46,352.14",,,X,9/14/2026,9:01:33 AM,9/14/2026,2:09:12 PM,JKENT,9/14/2026,9:01:33 AM,GTEJEDA,S237,0,L,2001418770,65,0,1
1000000053858,,HS,POST,NI02,0001,1325-LCBS-01-S,B0204,Y000052160,FR,"1,212.390","1,012.490",-199.900,199.900,L,"4,600.28",USD,GTEJEDA,9/14/2026,9:18:28 AM,,"-4,600.28",,,,9/14/2026,9:01:33 AM,9/14/2026,2:09:12 PM,JKENT,9/14/2026,9:01:33 AM,GTEJEDA,S237,"1,012.490",L,2001418772,67,0,1
1000000053858,,HS,POST,NI02,0001,1325-LCBS-01-S,83000042,Y000052827,FR,450.020,300.300,-149.720,149.720,L,"25,730.74",USD,GTEJEDA,9/14/2026,9:22:38 AM,,"-25,730.74",,,,9/14/2026,9:01:33 AM,9/14/2026,2:09:12 PM,JKENT,9/14/2026,9:01:33 AM,GTEJEDA,S237,300.300,L,2001418776,71,0,1
1000000053858,,HS,POST,NI02,0001,1325-LCBS-01-S,83000313,Y000051607,FR,30.200,0,-30.200,30.200,L,"16,500.07",USD,GTEJEDA,9/14/2026,9:23:18 AM,,"-16,500.07",,,X,9/14/2026,9:01:33 AM,9/14/2026,2:09:12 PM,JKENT,9/14/2026,9:01:33 AM,GTEJEDA,S237,0,L,2001418777,72,0,1
1000000053881,,HS,POST,MI02,5008,1336-LNP-01-S,B0221,Y000048738,FR,14.055,15.076,1.021,1.021,L,167.71,USD,SMASON1,9/14/2026,4:25:47 PM,,167.71,,,,9/14/2026,4:24:57 PM,9/14/2026,4:27:06 PM,JKENT,9/14/2026,4:24:57 PM,SMASON1,S279,15.076,L,2001419044,1,0,1
1000000053886,,HS,POST,MI02,5007,1311A-LMX-01-S,20681,2068122002,FR,0,2,2,2,EA,3.93,USD,RPOOLER,9/15/2026,10:22:00 AM,,3.93,,,,9/15/2026,10:21:25 AM,9/15/2026,10:24:10 AM,JKENT,9/15/2026,10:21:25 AM,RPOOLER,S278,2,EA,2001419817,1,0,1
1000000053887,,HS,POST,MI02,5002,1332-SSO-01-S,21693,Y000050150,FR,1,2,1,1,EA,557.47,USD,APHIFER,9/15/2026,1:31:26 PM,,557.47,,,,9/15/2026,1:28:07 PM,9/15/2026,1:33:59 PM,AVARATTA,9/15/2026,1:28:07 PM,APHIFER,S273,2,EA,2001419957,1,0,1
1000000053888,,HS,POST,MI02,5006,2258-INT-01-S,20973,Y000041195,FR,0,1,1,1,EA,95.79,USD,RSCHORGE,9/15/2026,2:49:28 PM,,95.79,,,,9/15/2026,2:47:24 PM,9/18/2026,6:47:40 AM,MPEREIRA,9/15/2026,2:47:24 PM,RSCHORGE,S277,1,EA,2001419772,1,0,1
1000000053889,,HS,POST,MI02,5007,1311A-LMX-01-S,B0227,Y000051074,FR,0,200.200,200.200,200.200,L,"4,548.22",USD,CMICHEL,9/16/2026,12:37:31 PM,,"4,548.22",,,,9/16/2026,12:36:07 PM,9/16/2026,12:42:55 PM,MTHIBAULT,9/16/2026,12:36:07 PM,CMICHEL,S278,200.200,L,2001420664,1,0,1
1000000053893,1000000053892,HS,POST,DG1S,1020,F1-09-03-02-S,83022,83022F4801,BN,9.860,0,-9.860,9.860,ML,"13,003.76",USD,RPIERCE,9/18/2026,8:45:27 AM,103807771001858701,"-13,003.76",,,,9/16/2026,2:24:51 PM,9/18/2026,9:15:55 AM,RPORTILLO,9/16/2026,2:24:51 PM,AGENTILE,S036,0.000,,2001420688,1,1,1
1000000053894,,HS,POST,MI02,5006,2258-INT-01-S,10246,Y000047085,FR,0.200,2,1.800,1.800,ML,23.15,USD,YLIANG,9/17/2026,9:20:45 AM,,23.15,,,,9/17/2026,9:18:29 AM,9/17/2026,9:21:52 AM,SLOUF,9/17/2026,9:18:29 AM,YLIANG,S277,2,ML,2001421277,1,0,1
1000000053895,,HS,POST,MI02,5006,2258-INT-01-S,10246,Y000047085,FR,0.400,2.400,2,2,ML,25.72,USD,YLIANG,9/17/2026,10:22:30 AM,,25.72,,,,9/17/2026,10:21:36 AM,9/17/2026,10:25:33 AM,SLOUF,9/17/2026,10:21:36 AM,YLIANG,S277,2.400,ML,2001421290,1,0,1
1000000053896,,HS,POST,MI02,5009,1280-RNA-01-S,83000381,Y000049245,FR,11.960,0,-11.960,11.960,L,"10,898.55",USD,JOLIVEIRA,9/17/2026,3:56:35 PM,,"-10,898.55",,,X,9/17/2026,3:35:09 PM,9/17/2026,4:18:41 PM,FWONG,9/17/2026,3:35:09 PM,JOLIVEIRA,S280,0,L,2001421818,2,0,1
1000000053896,,HS,POST,MI02,5009,1280-RNA-01-S,53000149,Y000047940,FR,279.118,0,-279.118,279.118,L,"6,126.64",USD,JOLIVEIRA,9/17/2026,3:54:46 PM,,"-6,126.64",,,X,9/17/2026,3:35:09 PM,9/17/2026,4:18:41 PM,FWONG,9/17/2026,3:35:09 PM,JOLIVEIRA,S280,0,L,2001421820,4,0,1
1000000053896,,HS,POST,MI02,5009,1280-RNA-01-S,53000156,Y000050405,FR,50.200,0,-50.200,50.200,L,"2,876.96",USD,JOLIVEIRA,9/17/2026,3:54:12 PM,,"-2,876.96",,,X,9/17/2026,3:35:09 PM,9/17/2026,4:18:41 PM,FWONG,9/17/2026,3:35:09 PM,JOLIVEIRA,S280,0,L,2001421821,5,0,1
1000000053896,,HS,POST,MI02,5009,1280-RNA-01-S,53000200,Y000049237,FR,21.300,0,-21.300,21.300,L,"2,233.94",USD,JOLIVEIRA,9/17/2026,3:51:29 PM,,"-2,233.94",,,X,9/17/2026,3:35:09 PM,9/17/2026,4:18:41 PM,FWONG,9/17/2026,3:35:09 PM,JOLIVEIRA,S280,0,L,2001421823,7,0,1
1000000053896,,HS,POST,MI02,5009,1280-RNA-01-S,53000204,Y000051363,FR,100.290,0,-100.290,100.290,L,"11,350.82",USD,JOLIVEIRA,9/17/2026,3:45:10 PM,,"-11,350.82",,,X,9/17/2026,3:35:09 PM,9/17/2026,4:18:41 PM,FWONG,9/17/2026,3:35:09 PM,JOLIVEIRA,S280,0,L,2001421825,9,0,1
1000000053896,,HS,POST,MI02,5009,1280-RNA-01-S,53000209,Y000049057,FR,89.270,149.857,60.587,60.587,L,"20,219.70",USD,JOLIVEIRA,9/17/2026,3:43:46 PM,,"20,219.70",,,,9/17/2026,3:35:09 PM,9/17/2026,4:18:41 PM,FWONG,9/17/2026,3:35:09 PM,JOLIVEIRA,S280,149.857,L,2001421826,10,0,1
1000000053896,,HS,POST,MI02,5009,1280-RNA-01-S,53000231,Y000051364,FR,0.400,0,-0.400,0.400,L,"3,815.30",USD,JOLIVEIRA,9/17/2026,3:39:07 PM,,"-3,815.30",,,X,9/17/2026,3:35:09 PM,9/17/2026,4:18:41 PM,FWONG,9/17/2026,3:35:09 PM,JOLIVEIRA,S280,0,L,2001421827,11,0,1
1000000053896,,HS,POST,MI02,5009,1280-RNA-01-S,21050,Y000051945,FR,1,0,-1,1,EA,258.25,USD,JOLIVEIRA,9/17/2026,3:40:10 PM,,-258.25,,,X,9/17/2026,3:35:09 PM,9/17/2026,4:18:41 PM,FWONG,9/17/2026,3:35:09 PM,JOLIVEIRA,S280,0,EA,2001421829,13,0,1
1000000053896,,HS,POST,MI02,5009,1280-RNA-01-S,B0218,Y000052156,FR,118.550,0,-118.550,118.550,L,"2,610.35",USD,JOLIVEIRA,9/17/2026,3:44:49 PM,,"-2,610.35",,,X,9/17/2026,3:35:09 PM,9/17/2026,4:18:41 PM,FWONG,9/17/2026,3:35:09 PM,JOLIVEIRA,S280,0,L,2001421830,14,0,1
1000000053896,,HS,POST,MI02,5009,1280-RNA-01-S,B0208,Y000049475,FR,64.150,0,-64.150,64.150,L,"1,611.61",USD,JOLIVEIRA,9/17/2026,3:50:18 PM,,"-1,611.61",,,X,9/17/2026,3:35:09 PM,9/17/2026,4:18:41 PM,FWONG,9/17/2026,3:35:09 PM,JOLIVEIRA,S280,0,L,2001421831,15,0,1
1000000053896,,HS,POST,MI02,5009,1280-RNA-01-S,B0208,Y000050719,FR,81.800,0,-81.800,81.800,L,"2,055.02",USD,JOLIVEIRA,9/17/2026,3:51:08 PM,,"-2,055.02",,,X,9/17/2026,3:35:09 PM,9/17/2026,4:18:41 PM,FWONG,9/17/2026,3:35:09 PM,JOLIVEIRA,S280,0,L,2001421832,16,0,1
1000000053896,,HS,POST,MI02,5009,1280-RNA-01-S,B0205,Y000052163,FR,136.800,0,-136.800,136.800,L,"3,348.49",USD,JOLIVEIRA,9/17/2026,3:52:40 PM,,"-3,348.49",,,X,9/17/2026,3:35:09 PM,9/17/2026,4:18:41 PM,FWONG,9/17/2026,3:35:09 PM,JOLIVEIRA,S280,0,L,2001421833,17,0,1
1000000053896,,HS,POST,MI02,5009,1280-RNA-01-S,20922,Y000051487,FR,1,0,-1,1,EA,612.99,USD,JOLIVEIRA,9/17/2026,3:54:29 PM,,-612.99,,,X,9/17/2026,3:35:09 PM,9/17/2026,4:18:41 PM,FWONG,9/17/2026,3:35:09 PM,JOLIVEIRA,S280,0,EA,2001421835,19,0,1
1000000053896,,HS,POST,MI02,5009,1280-RNA-01-S,10469,1046924010,FR,800,0,-800,800,ML,"7,800.00",USD,JOLIVEIRA,9/17/2026,3:55:06 PM,,"-7,800.00",,,X,9/17/2026,3:35:09 PM,9/17/2026,4:18:41 PM,FWONG,9/17/2026,3:35:09 PM,JOLIVEIRA,S280,0,ML,2001421836,20,0,1
1000000053896,,HS,POST,MI02,5009,1280-RNA-01-S,10099,Y000044741,FR,20,0,-20,20,L,779.39,USD,JOLIVEIRA,9/17/2026,3:57:31 PM,,-779.39,,,X,9/17/2026,3:35:09 PM,9/17/2026,4:18:41 PM,FWONG,9/17/2026,3:35:09 PM,JOLIVEIRA,S280,0,L,2001421840,24,0,1
1000000053896,,HS,POST,MI02,5009,1280-RNA-01-S,M0361,Y000040323,FR,4,2,-2,2,CS,239.64,USD,JOLIVEIRA,9/17/2026,3:57:31 PM,,-239.64,,,,9/17/2026,3:35:09 PM,9/17/2026,4:18:41 PM,FWONG,9/17/2026,3:35:09 PM,JOLIVEIRA,S280,2,CS,2001421843,27,0,1
1000000053896,,HS,POST,MI02,5009,1280-RNA-01-S,20007,2000723002,FR,1,0,-1,1,EA,46.49,USD,JOLIVEIRA,9/17/2026,3:57:31 PM,,-46.49,,,X,9/17/2026,3:35:09 PM,9/17/2026,4:18:41 PM,FWONG,9/17/2026,3:35:09 PM,JOLIVEIRA,S280,0,EA,2001421844,28,0,1
1000000053896,,HS,POST,MI02,5009,1280-RNA-01-S,20619,Y000048361,FR,2,1,-1,1,EA,709.02,USD,JOLIVEIRA,9/17/2026,3:57:31 PM,,-709.02,,,,9/17/2026,3:35:09 PM,9/17/2026,4:18:41 PM,FWONG,9/17/2026,3:35:09 PM,JOLIVEIRA,S280,1,EA,2001421847,31,0,1
1000000053896,,HS,POST,MI02,5009,1280-RNA-01-S,B0227,Y000051367,FR,110.100,0,-110.100,110.100,L,"2,501.30",USD,JOLIVEIRA,9/17/2026,3:57:31 PM,,"-2,501.30",,,X,9/17/2026,3:35:09 PM,9/17/2026,4:18:41 PM,FWONG,9/17/2026,3:35:09 PM,JOLIVEIRA,S280,0,L,2001421850,34,0,1
1000000053896,,HS,POST,MI02,5009,1280-RNA-01-S,B0227,Y000050857,FR,14.700,0,-14.700,14.700,L,333.96,USD,JOLIVEIRA,9/17/2026,3:57:31 PM,,-333.96,,,X,9/17/2026,3:35:09 PM,9/17/2026,4:18:41 PM,FWONG,9/17/2026,3:35:09 PM,JOLIVEIRA,S280,0,L,2001421851,35,0,1
1000000053896,,HS,POST,MI02,5009,1280-RNA-01-S,B0227,Y000052089,FR,185.480,0,-185.480,185.480,L,"4,213.81",USD,JOLIVEIRA,9/17/2026,3:57:31 PM,,"-4,213.81",,,X,9/17/2026,3:35:09 PM,9/17/2026,4:18:41 PM,FWONG,9/17/2026,3:35:09 PM,JOLIVEIRA,S280,0,L,2001421852,36,0,1
1000000053896,,HS,POST,MI02,5009,1280-RNA-01-S,B0227,Y000051878,FR,228.100,0,-228.100,228.100,L,"5,182.07",USD,JOLIVEIRA,9/17/2026,3:57:31 PM,,"-5,182.07",,,X,9/17/2026,3:35:09 PM,9/17/2026,4:18:41 PM,FWONG,9/17/2026,3:35:09 PM,JOLIVEIRA,S280,0,L,2001421853,37,0,1
1000000053896,,HS,POST,MI02,5009,1280-RNA-01-S,B0227,Y000051678,FR,57.448,0,-57.448,57.448,L,"1,305.13",USD,JOLIVEIRA,9/17/2026,3:57:31 PM,,"-1,305.13",,,X,9/17/2026,3:35:09 PM,9/17/2026,4:18:41 PM,FWONG,9/17/2026,3:35:09 PM,JOLIVEIRA,S280,0,L,2001421854,38,0,1
1000000053896,,HS,POST,MI02,5009,1280-RNA-01-S,20785,Y000034435,FR,1,0,-1,1,EA,826.84,USD,JOLIVEIRA,9/17/2026,3:57:31 PM,,-826.84,,,X,9/17/2026,3:35:09 PM,9/17/2026,4:18:41 PM,FWONG,9/17/2026,3:35:09 PM,JOLIVEIRA,S280,0,EA,2001421856,40,0,1
1000000053896,,HS,POST,MI02,5009,1280-RNA-01-S,21134,Y000048835,FR,6,0,-6,6,EA,713.76,USD,JOLIVEIRA,9/17/2026,3:57:31 PM,,-713.76,,,X,9/17/2026,3:35:09 PM,9/17/2026,4:18:41 PM,FWONG,9/17/2026,3:35:09 PM,JOLIVEIRA,S280,0,EA,2001421858,42,0,1
1000000053896,,HS,POST,MI02,5009,1280-RNA-01-S,21134,Y000043873,FR,1,5,4,4,EA,475.84,USD,JOLIVEIRA,9/17/2026,3:57:31 PM,,475.84,,,,9/17/2026,3:35:09 PM,9/17/2026,4:18:41 PM,FWONG,9/17/2026,3:35:09 PM,JOLIVEIRA,S280,5,EA,2001421859,43,0,1
1000000053896,,HS,POST,MI02,5009,1280-RNA-01-S,21134,Y000043408,FR,17,15,-2,2,EA,237.92,USD,JOLIVEIRA,9/17/2026,3:57:31 PM,,-237.92,,,,9/17/2026,3:35:09 PM,9/17/2026,4:18:41 PM,FWONG,9/17/2026,3:35:09 PM,JOLIVEIRA,S280,15,EA,2001421860,44,0,1
1000000053903,1000000053902,HS,POST,DG1S,1020,F1-09-03-02-S,83022,83022F4702,BN,4.640,0,-4.640,4.640,ML,"6,119.42",USD,RPIERCE,9/18/2026,9:29:26 AM,103807771001858619,"-6,119.42",,,,9/18/2026,9:29:05 AM,9/21/2026,11:35:17 PM,RPORTILLO,9/18/2026,9:29:05 AM,RPIERCE,S036,0.000,,2001422095,1,1,1
1000000053904,,HS,POST,MI02,5006,2258-INT-01-S,20891,Y000047364,FR,0,22,22,22,EA,15.97,USD,MARRECHEAVIA,9/18/2026,9:49:22 AM,,15.97,,,,9/18/2026,9:48:32 AM,9/18/2026,9:55:25 AM,MPEREIRA,9/18/2026,9:48:32 AM,MARRECHEAVIA,S277,22,EA,2001422307,1,0,1
1000000053906,1000000053905,HS,POST,DG1N,1001,G1-43-05-01-N,21887,Y000015714,BP,12,0,-12,12,EA,"2,352.00",USD,RPIERCE,9/18/2026,10:18:32 AM,103807771002734967,"-2,352.00",,,,9/18/2026,10:18:15 AM,9/18/2026,11:09:06 AM,RPORTILLO,9/18/2026,10:18:15 AM,RPIERCE,N033,0.000,,2001422320,1,1,1
1000000053908,,HS,POST,MI02,5006,2258-INT-01-S,80000368,Y000044265,FR,0.000,1.000,1.000,1.000,PK,34.20,USD,MARRECHEAVIA,9/18/2026,4:15:38 PM,,34.20,,,,9/18/2026,4:14:23 PM,9/24/2026,1:48:04 PM,MPEREIRA,9/18/2026,4:14:23 PM,MARRECHEAVIA,S277,1.000,PK,2001422540,1,0,1
1000000053909,,HS,POST,MI02,5006,2258-INT-01-S,20702,Y000041368,FR,10,3,-7,7,EA,139.46,USD,JDEVONSHIRE,9/19/2026,2:08:23 PM,,-139.46,,,X,9/19/2026,2:04:57 PM,9/19/2026,2:14:03 PM,MPEREIRA,9/19/2026,2:04:57 PM,JDEVONSHIRE,S277,3,EA,2001423300,1,0,1
1000000053913,1000000052544,HS,POST,MI02,5002,1295-CHM-01-S,21846,Y000039358,FR,0,1,1,1,EA,"31,168.71",USD,DREZENDES,9/19/2026,8:25:03 PM,,"31,168.71",,,,9/19/2026,8:20:19 PM,9/19/2026,8:26:28 PM,AWILSON,9/19/2026,8:20:19 PM,AWILSON,S273,1,EA,2001423402,1,4,1
1000000053914,,HS,POST,MI02,5001,1276-BUF-01-S,10117,Y000049233,FR,7.241,7.600,0.359,0.359,KG,29.02,USD,JMCDAVID,9/20/2026,12:45:06 PM,,29.02,,,,9/20/2026,12:43:37 PM,9/20/2026,12:49:52 PM,JDUSSEAULT,9/20/2026,12:43:37 PM,JMCDAVID,S272,7.600,KG,2001423751,1,0,1
1000000053916,,HS,POST,MI02,5006,2258-INT-01-S,10246,Y000047001,FR,0,26,26,26,ML,334.36,USD,MARRECHEAVIA,9/20/2026,5:30:02 PM,,334.36,,,,9/20/2026,5:27:07 PM,9/20/2026,5:32:45 PM,MPEREIRA,9/20/2026,5:27:07 PM,MARRECHEAVIA,S277,26,ML,2001423842,1,0,1
1000000053917,,HS,POST,NI02,5004,2239-DNA-01-S,21487,Y000044161,FR,0,1,1,1,EA,6.00,USD,VMASSE,9/20/2026,8:15:00 PM,,6.00,,,,9/20/2026,8:04:24 PM,9/20/2026,8:21:04 PM,HOSENI,9/20/2026,8:04:24 PM,VMASSE,S285,1,EA,2001423855,1,0,1
1000000053918,,HS,POST,MI02,5006,2258-INT-01-S,21067,Y000045447,FR,0,10,10,10,EA,760.60,USD,RELLIOTT,9/21/2026,10:50:02 AM,,760.60,,,,9/21/2026,10:49:19 AM,9/21/2026,10:51:40 AM,SLOUF,9/21/2026,10:49:19 AM,RELLIOTT,S277,10,EA,2001424454,1,0,1
1000000053919,,HS,POST,MI02,5007,1311A-LMX-01-S,20795,Y000038041,FR,0.000,1.000,1.000,1.000,PK,73.92,USD,CMICHEL,9/21/2026,3:55:22 PM,,73.92,,,,9/21/2026,3:52:57 PM,9/21/2026,4:02:05 PM,JKENT,9/21/2026,3:52:57 PM,CMICHEL,S278,1.000,PK,2001424397,1,0,1
1000000053920,,HS,POST,NI02,5004,2239-DNA-01-S,B0227,Y000051367,FR,100,0,-100,100,L,"2,271.84",USD,VMASSE,9/21/2026,11:08:03 PM,,"-2,271.84",,,X,9/21/2026,11:04:46 PM,9/21/2026,11:10:08 PM,HOSENI,9/21/2026,11:04:46 PM,VMASSE,S285,0,L,2001424936,1,0,1
1000000053922,1000000053921,HS,POST,DG1N,1001,E1-24-02-02-N,21606,2160624002,FP,422,430,8,8,EA,4.84,USD,CLEAO,9/21/2026,11:35:03 PM,103807771002041515,4.84,,,,9/21/2026,11:22:49 PM,9/23/2026,12:01:13 AM,RPORTILLO,9/21/2026,11:22:49 PM,ASANDOVAL,N033,430,EA,2001424771,1,1,1
1000000053925,,HS,POST,NI02,5004,2239-DNA-01-S,20920,Y000030634,FR,1,2,1,1,EA,134.16,USD,CSWARTZ,9/22/2026,7:47:58 AM,,134.16,,,,9/22/2026,7:46:42 AM,9/22/2026,8:00:33 AM,JGAKE,9/22/2026,7:46:42 AM,CSWARTZ,S285,2,EA,2001425106,1,0,1
1000000053962,,HS,POST,MI02,5007,1311A-LMX-01-S,B0227,Y000051074,FR,0,200.100,200.100,200.100,L,"4,545.95",USD,HABDOU,9/22/2026,4:24:56 PM,,"4,545.95",,,,9/22/2026,4:23:12 PM,9/22/2026,4:28:33 PM,JKENT,9/22/2026,4:23:12 PM,HABDOU,S278,200.100,L,2001425533,1,0,1
1000000053962,,HS,POST,MI02,5007,1311A-LMX-01-S,B0227,Y000050857,FR,0,200.700,200.700,200.700,L,"4,559.58",USD,HABDOU,9/22/2026,4:24:56 PM,,"4,559.58",,,,9/22/2026,4:23:12 PM,9/22/2026,4:28:33 PM,JKENT,9/22/2026,4:23:12 PM,HABDOU,S278,200.700,L,2001425534,2,0,1
1000000053962,,HS,POST,MI02,5007,1311A-LMX-01-S,B0204,Y000052160,FR,0,199.900,199.900,199.900,L,"4,600.28",USD,HABDOU,9/22/2026,4:24:56 PM,,"4,600.28",,,,9/22/2026,4:23:12 PM,9/22/2026,4:28:33 PM,JKENT,9/22/2026,4:23:12 PM,HABDOU,S278,199.900,L,2001425535,3,0,1
1000000053995,,HS,POST,MI02,5007,1311A-LMX-01-S,20669,Y000033644,FR,0,2,2,2,EA,"2,177.33",USD,WLUCHINI,9/23/2026,2:36:27 AM,,"2,177.33",,,,9/23/2026,2:34:59 AM,9/23/2026,2:38:49 AM,JHEWITT,9/23/2026,2:34:59 AM,WLUCHINI,S278,2,EA,2001425679,1,0,1
1000000053998,,HS,POST,NI04,0001,1804-NBM-01-E,21029,Y000036951,F3,0,14,14,14,EA,"6,622.00",USD,DCOOPER3,9/23/2026,2:49:44 PM,,"6,622.00",,,,9/23/2026,2:46:47 PM,9/24/2026,7:36:32 AM,RWHIPP,9/23/2026,2:46:47 PM,DCOOPER3,E236,14,EA,2001426482,1,0,1
1000000053999,,HS,POST,NI04,0001,1804-NBM-01-E,21029,Y000036341,F3,0,22,22,22,EA,"10,406.00",USD,DCOOPER3,9/23/2026,2:50:03 PM,,"10,406.00",,,,9/23/2026,2:47:55 PM,9/24/2026,7:40:34 AM,RWHIPP,9/23/2026,2:47:55 PM,DCOOPER3,E236,22,EA,2001426483,1,0,1
1000000054012,,HS,POST,NI02,5004,2239-DNA-01-S,83000250,Y000053798,FR,0,100.020,100.020,100.020,L,"25,546.11",USD,ABAPTISTE,9/24/2026,4:41:01 AM,,"25,546.11",,,,9/24/2026,4:39:31 AM,9/24/2026,5:00:45 AM,RMARSHALEWSK,9/24/2026,4:39:31 AM,ABAPTISTE,S285,100.020,L,2001427119,1,0,1
1000000054013,,HS,POST,NI02,5004,2239-DNA-01-S,83000250,Y000053798,FR,200.040,100.020,-100.020,100.020,L,"25,546.11",USD,RQUINLAN1,9/24/2026,8:25:00 AM,,"-25,546.11",,,,9/24/2026,8:24:07 AM,9/24/2026,9:15:36 AM,RTAVARES,9/24/2026,8:24:07 AM,RQUINLAN1,S285,100.020,L,2001427167,1,0,1
1000000054014,,HS,POST,MI02,5006,2258-INT-01-S,80000368,Y000044265,FR,0.000,2.000,2.000,2.000,PK,68.40,USD,AGRACIA,9/24/2026,5:02:48 PM,,68.40,,,,9/24/2026,4:47:22 PM,9/24/2026,5:03:25 PM,MPEREIRA,9/24/2026,4:47:22 PM,AGRACIA,S277,2.000,PK,2001427763,1,0,1
1000000054015,,HS,POST,MI02,5001,1276-BUF-01-S,80000270,Y000049664,FR,"19,775.387","19,992.500",217.113,217.113,G,20.84,USD,DREZENDES,9/24/2026,8:48:22 PM,,20.84,,,,9/24/2026,8:47:22 PM,9/24/2026,9:21:17 PM,AWILSON,9/24/2026,8:47:22 PM,DREZENDES,S272,"19,992.500",G,2001427852,1,0,1
1000000054055,1000000054054,HS,POST,TR02,0001,PRD-HAND-OFF-01-S,83000065,Y000046376,FR,0.022,0,-0.022,0.022,L,292.27,USD,DANARIBA,9/25/2026,11:00:29 AM,303807773000428392,-292.27,,,,9/25/2026,10:59:44 AM,9/25/2026,11:04:50 AM,RPORTILLO,9/25/2026,10:59:44 AM,DANARIBA,S239,0.000,,2001428574,1,1,1
1000000054055,1000000054054,HS,POST,TR02,0001,PRD-HAND-OFF-01-S,83000065,Y000046376,FR,0.022,0,-0.022,0.022,L,292.27,USD,DANARIBA,9/25/2026,11:00:29 AM,303807773000428408,-292.27,,,,9/25/2026,10:59:44 AM,9/25/2026,11:04:50 AM,RPORTILLO,9/25/2026,10:59:44 AM,DANARIBA,S239,0.000,,2001428574,1,1,1
1000000054057,1000000054056,HS,POST,TR02,0001,PRD-HAND-OFF-01-S,83000065,Y000044011,FR,0.022,0,-0.022,0.022,L,292.27,USD,DANARIBA,9/25/2026,11:08:06 AM,303807773000386142,-292.27,,,,9/25/2026,11:07:55 AM,9/26/2026,2:54:59 PM,RPORTILLO,9/25/2026,11:07:55 AM,DANARIBA,S239,0.000,,2001428579,1,1,1
1000000054057,1000000054056,HS,POST,TR02,0001,PRD-HAND-OFF-01-S,83000065,Y000044011,FR,0.022,0,-0.022,0.022,L,292.27,USD,DANARIBA,9/25/2026,11:08:06 AM,303807773000386159,-292.27,,,,9/25/2026,11:07:55 AM,9/26/2026,2:54:59 PM,RPORTILLO,9/25/2026,11:07:55 AM,DANARIBA,S239,0.000,,2001428579,1,1,1
1000000054057,1000000054056,HS,POST,TR02,0001,PRD-HAND-OFF-01-S,83000065,Y000044011,FR,0.022,0,-0.022,0.022,L,292.27,USD,DANARIBA,9/25/2026,11:08:06 AM,303807773000386166,-292.27,,,,9/25/2026,11:07:55 AM,9/26/2026,2:54:59 PM,RPORTILLO,9/25/2026,11:07:55 AM,DANARIBA,S239,0.000,,2001428579,1,1,1
1000000054064,1000000054058,HS,POST,TR02,0001,PRD-HAND-OFF-01-S,83000310,Y000047672,FR,0.150,0,-0.150,0.150,L,"1,048.78",USD,DANARIBA,9/25/2026,12:02:22 PM,303807773000460514,"-1,048.78",,,,9/25/2026,12:00:22 PM,9/26/2026,2:56:12 PM,RPORTILLO,9/25/2026,12:00:22 PM,DANARIBA,S239,0.000,,2001428805,1,1,1
1000000054064,1000000054058,HS,POST,TR02,0001,PRD-HAND-OFF-01-S,83000310,Y000047672,FR,0.150,0,-0.150,0.150,L,"1,048.78",USD,DANARIBA,9/25/2026,12:02:22 PM,303807773000460521,"-1,048.78",,,,9/25/2026,12:00:22 PM,9/26/2026,2:56:12 PM,RPORTILLO,9/25/2026,12:00:22 PM,DANARIBA,S239,0.000,,2001428805,1,1,1
1000000054064,1000000054058,HS,POST,TR02,0001,PRD-HAND-OFF-01-S,83000310,Y000047672,FR,0.150,0,-0.150,0.150,L,"1,048.78",USD,DANARIBA,9/25/2026,12:02:22 PM,303807773000460538,"-1,048.78",,,,9/25/2026,12:00:22 PM,9/26/2026,2:56:12 PM,RPORTILLO,9/25/2026,12:00:22 PM,DANARIBA,S239,0.000,,2001428805,1,1,1
1000000054065,1000000054059,HS,POST,TR02,0001,PRD-HAND-OFF-01-S,50000063-QC,Y000042713,FR,10,0,-10,10,ML,169.60,USD,DANARIBA,9/25/2026,12:01:44 PM,303807773000372176,-169.60,,,,9/25/2026,12:00:30 PM,9/26/2026,2:56:36 PM,RPORTILLO,9/25/2026,12:00:30 PM,DANARIBA,S239,0.000,,2001428806,1,1,1
1000000054066,1000000054060,HS,POST,TR02,0001,PRD-HAND-OFF-01-S,50000066-QC,Y000041391,FR,10,0,-10,10,ML,206.70,USD,DANARIBA,9/25/2026,12:01:37 PM,303807773000344845,-206.70,,,,9/25/2026,12:00:38 PM,9/26/2026,2:56:54 PM,RPORTILLO,9/25/2026,12:00:38 PM,DANARIBA,S239,0.000,,2001428807,1,1,1
1000000054066,1000000054060,HS,POST,TR02,0001,PRD-HAND-OFF-01-S,50000066-QC,Y000041391,FR,10,0,-10,10,ML,206.70,USD,DANARIBA,9/25/2026,12:01:37 PM,303807773000344838,-206.70,,,,9/25/2026,12:00:38 PM,9/26/2026,2:56:54 PM,RPORTILLO,9/25/2026,12:00:38 PM,DANARIBA,S239,0.000,,2001428807,1,1,1
1000000054067,1000000054061,HS,POST,TR02,0001,PRD-HAND-OFF-01-S,50000069-QC,Y000045339,FR,10,0,-10,10,ML,224.80,USD,DANARIBA,9/25/2026,12:01:29 PM,303807773000411875,-224.80,,,,9/25/2026,12:00:46 PM,9/26/2026,2:57:14 PM,RPORTILLO,9/25/2026,12:00:46 PM,DANARIBA,S239,0.000,,2001428808,1,1,1
1000000054067,1000000054061,HS,POST,TR02,0001,PRD-HAND-OFF-01-S,50000069-QC,Y000045339,FR,10,0,-10,10,ML,224.80,USD,DANARIBA,9/25/2026,12:01:29 PM,303807773000411929,-224.80,,,,9/25/2026,12:00:46 PM,9/26/2026,2:57:14 PM,RPORTILLO,9/25/2026,12:00:46 PM,DANARIBA,S239,0.000,,2001428808,1,1,1
1000000054068,1000000054063,HS,POST,TR02,0001,PRD-HAND-OFF-01-S,85000151-QC,Y000047171,FR,10,0,-10,10,ML,151.20,USD,DANARIBA,9/25/2026,12:01:22 PM,303807773000459419,-151.20,,,,9/25/2026,12:00:54 PM,9/26/2026,2:57:35 PM,RPORTILLO,9/25/2026,12:00:54 PM,DANARIBA,S239,0.000,,2001428809,1,1,1
1000000054069,1000000054062,HS,POST,TR02,0001,PRD-HAND-OFF-01-S,50000250-QC,Y000047436,FR,10,0,-10,10,ML,92.50,USD,DANARIBA,9/25/2026,12:01:13 PM,303807773000451536,-92.50,,,,9/25/2026,12:01:02 PM,9/26/2026,2:57:57 PM,RPORTILLO,9/25/2026,12:01:02 PM,DANARIBA,S239,0.000,,2001428810,1,1,1
1000000054071,1000000054070,HS,POST,TR02,0001,PRD-HAND-OFF-01-S,83000063,Y000032994,FR,28,0,-28,28,ML,"1,195.32",USD,DANARIBA,9/25/2026,12:05:03 PM,303807773000201124,"-1,195.32",,,,9/25/2026,12:04:33 PM,9/26/2026,2:58:15 PM,RPORTILLO,9/25/2026,12:04:33 PM,DANARIBA,S239,0.000,,2001428813,1,1,1
1000000054074,1000000054073,HS,POST,TR02,0001,PRD-HAND-OFF-01-S,83000073,Y000049481,FR,0.008,0,-0.008,0.008,L,844.60,USD,DANARIBA,9/25/2026,12:38:57 PM,303807773000478243,-844.60,,,,9/25/2026,12:36:09 PM,9/26/2026,2:58:33 PM,RPORTILLO,9/25/2026,12:36:09 PM,DANARIBA,S239,0.000,,2001428827,1,1,1
1000000054074,1000000054073,HS,POST,TR02,0001,PRD-HAND-OFF-01-S,83000073,Y000049481,FR,0.008,0,-0.008,0.008,L,844.60,USD,DANARIBA,9/25/2026,12:38:57 PM,303807773000478250,-844.60,,,,9/25/2026,12:36:09 PM,9/26/2026,2:58:33 PM,RPORTILLO,9/25/2026,12:36:09 PM,DANARIBA,S239,0.000,,2001428827,1,1,1
1000000054074,1000000054073,HS,POST,TR02,0001,PRD-HAND-OFF-01-S,83000073,Y000049481,FR,0.008,0,-0.008,0.008,L,844.60,USD,DANARIBA,9/25/2026,12:38:57 PM,303807773000478236,-844.60,,,,9/25/2026,12:36:09 PM,9/26/2026,2:58:33 PM,RPORTILLO,9/25/2026,12:36:09 PM,DANARIBA,S239,0.000,,2001428827,1,1,1
1000000054075,1000000054072,HS,POST,TR02,0001,PRD-HAND-OFF-01-S,A0275,Y000034825,FR,39,0,-39,39,ML,"1,472.64",USD,DANARIBA,9/25/2026,12:38:48 PM,303807773000230353,"-1,472.64",,,,9/25/2026,12:37:04 PM,9/26/2026,2:59:06 PM,RPORTILLO,9/25/2026,12:37:04 PM,DANARIBA,S239,0.000,,2001428828,1,1,1
1000000054075,1000000054072,HS,POST,TR02,0001,PRD-HAND-OFF-01-S,A0275,Y000034825,FR,39,0,-39,39,ML,"1,472.64",USD,DANARIBA,9/25/2026,12:38:48 PM,303807773000230346,"-1,472.64",,,,9/25/2026,12:37:04 PM,9/26/2026,2:59:06 PM,RPORTILLO,9/25/2026,12:37:04 PM,DANARIBA,S239,0.000,,2001428828,1,1,1
1000000054077,1000000054076,HS,POST,TR02,0001,PRD-HAND-OFF-01-S,A0274,Y000052863,BR,7.800,0,-7.800,7.800,ML,305.53,USD,DANARIBA,9/25/2026,12:46:32 PM,303807773000506717,-305.53,,,,9/25/2026,12:46:18 PM,9/26/2026,2:59:24 PM,RPORTILLO,9/25/2026,12:46:18 PM,DANARIBA,S239,0.000,,2001428832,1,1,1
1000000054077,1000000054076,HS,POST,TR02,0001,PRD-HAND-OFF-01-S,A0274,Y000052863,BR,7.800,0,-7.800,7.800,ML,305.53,USD,DANARIBA,9/25/2026,12:46:32 PM,303807773000506724,-305.53,,,,9/25/2026,12:46:18 PM,9/26/2026,2:59:24 PM,RPORTILLO,9/25/2026,12:46:18 PM,DANARIBA,S239,0.000,,2001428832,1,1,1
1000000054077,1000000054076,HS,POST,TR02,0001,PRD-HAND-OFF-01-S,A0274,Y000052863,BR,7.800,0,-7.800,7.800,ML,305.53,USD,DANARIBA,9/25/2026,12:46:32 PM,303807773000506700,-305.53,,,,9/25/2026,12:46:18 PM,9/26/2026,2:59:24 PM,RPORTILLO,9/25/2026,12:46:18 PM,DANARIBA,S239,0.000,,2001428832,1,1,1
1000000054078,,HS,POST,MI02,5006,2258-INT-01-S,10826,Y000045743,FR,0.260,1.260,1,1,L,27.90,USD,YLIANG,9/25/2026,1:15:08 PM,,27.90,,,,9/25/2026,1:14:28 PM,9/25/2026,1:35:54 PM,SLOUF,9/25/2026,1:14:28 PM,YLIANG,S277,1.260,L,2001428796,1,0,1
1000000054078,,HS,POST,MI02,5006,2258-INT-01-S,10278,Y000048577,FR,130,630,500,500,ML,45.21,USD,YLIANG,9/25/2026,1:15:08 PM,,45.21,,,,9/25/2026,1:14:28 PM,9/25/2026,1:35:54 PM,SLOUF,9/25/2026,1:14:28 PM,YLIANG,S277,630,ML,2001428797,2,0,1
1000000054078,,HS,POST,MI02,5006,2258-INT-01-S,10279,Y000036282,FR,0,500,500,500,ML,11.30,USD,YLIANG,9/25/2026,1:15:08 PM,,11.30,,,,9/25/2026,1:14:28 PM,9/25/2026,1:35:54 PM,SLOUF,9/25/2026,1:14:28 PM,YLIANG,S277,500,ML,2001428798,3,0,1
1000000054078,,HS,POST,MI02,5006,2258-INT-01-S,10280,Y000046488,FR,0,"1,500","1,500","1,500",ML,267.34,USD,YLIANG,9/25/2026,1:15:08 PM,,267.34,,,,9/25/2026,1:14:28 PM,9/25/2026,1:35:54 PM,SLOUF,9/25/2026,1:14:28 PM,YLIANG,S277,"1,500",ML,2001428799,4,0,1
1000000054078,,HS,POST,MI02,5006,2258-INT-01-S,20891,Y000047364,FR,1,9,8,8,EA,5.81,USD,YLIANG,9/25/2026,1:15:08 PM,,5.81,,,,9/25/2026,1:14:28 PM,9/25/2026,1:35:54 PM,SLOUF,9/25/2026,1:14:28 PM,YLIANG,S277,9,EA,2001429000,5,0,1
1000000054078,,HS,POST,MI02,5006,2258-INT-01-S,20919,Y000036284,FR,0.000,2.000,2.000,2.000,PK,3.91,USD,YLIANG,9/25/2026,1:15:08 PM,,3.91,,,,9/25/2026,1:14:28 PM,9/25/2026,1:35:54 PM,SLOUF,9/25/2026,1:14:28 PM,YLIANG,S277,2.000,PK,2001429001,6,0,1
1000000054078,,HS,POST,MI02,5006,2258-INT-01-S,20913,Y000039353,FR,0.000,1.000,1.000,1.000,PK,338.36,USD,YLIANG,9/25/2026,1:15:08 PM,,338.36,,,,9/25/2026,1:14:28 PM,9/25/2026,1:35:54 PM,SLOUF,9/25/2026,1:14:28 PM,YLIANG,S277,1.000,PK,2001429002,7,0,1
1000000054078,,HS,POST,MI02,5006,2258-INT-01-S,20915,Y000043575,FR,0.000,1.000,1.000,1.000,PK,27.96,USD,YLIANG,9/25/2026,1:15:08 PM,,27.96,,,,9/25/2026,1:14:28 PM,9/25/2026,1:35:54 PM,SLOUF,9/25/2026,1:14:28 PM,YLIANG,S277,1.000,PK,2001429003,8,0,1
1000000054078,,HS,POST,MI02,5006,2258-INT-01-S,21890,Y000047649,FR,3,8,5,5,EA,48.67,USD,YLIANG,9/25/2026,1:15:08 PM,,48.67,,,,9/25/2026,1:14:28 PM,9/25/2026,1:35:54 PM,SLOUF,9/25/2026,1:14:28 PM,YLIANG,S277,8,EA,2001429004,9,0,1
1000000054080,1000000054079,HS,POST,TR02,0001,PRD-HAND-OFF-01-S,10280,Y000018476,FR,500,0,-500,500,ML,89.11,USD,DANARIBA,9/25/2026,1:19:21 PM,103807771003183924,-89.11,,,,9/25/2026,1:19:04 PM,9/26/2026,2:59:42 PM,RPORTILLO,9/25/2026,1:19:04 PM,DANARIBA,S239,0.000,,2001428843,1,1,1
1000000054080,1000000054079,HS,POST,TR02,0001,PRD-HAND-OFF-01-S,10280,Y000018476,FR,500,0,-500,500,ML,89.11,USD,DANARIBA,9/25/2026,1:19:21 PM,103807771003183900,-89.11,,,,9/25/2026,1:19:04 PM,9/26/2026,2:59:42 PM,RPORTILLO,9/25/2026,1:19:04 PM,DANARIBA,S239,0.000,,2001428843,1,1,1
1000000054081,,HS,POST,MI02,5007,1311A-LMX-01-S,83000225,Y000053900,FR,1.190,0,-1.190,1.190,L,"32,470.05",USD,JTAPIARUEDA,9/25/2026,2:44:36 PM,,"-32,470.05",,,X,9/25/2026,2:43:27 PM,9/25/2026,2:46:18 PM,MDANDAMUDI,9/25/2026,2:43:27 PM,JTAPIARUEDA,S278,0,L,2001428891,1,0,1
1000000054083,1000000054082,HS,POST,TR02,0001,PRD-HAND-OFF-01-S,B0227,Y000052161,FR,211.200,0,-211.200,211.200,L,"4,798.13",USD,DANARIBA,9/25/2026,3:14:40 PM,303807773000502436,"-4,798.13",,,,9/25/2026,3:14:25 PM,9/26/2026,3:02:07 PM,RPORTILLO,9/25/2026,3:14:25 PM,DANARIBA,S239,0.000,,2001429103,1,1,1
1000000054083,1000000054082,HS,POST,TR02,0001,PRD-HAND-OFF-01-S,B0227,Y000052161,FR,200.100,0,-200.100,200.100,L,"4,545.95",USD,DANARIBA,9/25/2026,3:14:40 PM,303807773000502481,"-4,545.95",,,,9/25/2026,3:14:25 PM,9/26/2026,3:02:07 PM,RPORTILLO,9/25/2026,3:14:25 PM,DANARIBA,S239,0.000,,2001429103,1,1,1
1000000054087,1000000054086,HS,POST,TR02,0001,PRD-HAND-OFF-01-S,83000062,Y000042935,FR,5.600,0,-5.600,5.600,ML,296.02,USD,DANARIBA,9/25/2026,3:28:32 PM,303807773000376891,-296.02,,,,9/25/2026,3:26:15 PM,9/26/2026,3:02:27 PM,RPORTILLO,9/25/2026,3:26:15 PM,DANARIBA,S239,0.000,,2001429141,1,1,1
1000000054087,1000000054086,HS,POST,TR02,0001,PRD-HAND-OFF-01-S,83000062,Y000042935,FR,5.600,0,-5.600,5.600,ML,296.02,USD,DANARIBA,9/25/2026,3:28:32 PM,303807773000376884,-296.02,,,,9/25/2026,3:26:15 PM,9/26/2026,3:02:27 PM,RPORTILLO,9/25/2026,3:26:15 PM,DANARIBA,S239,0.000,,2001429141,1,1,1
1000000054087,1000000054086,HS,POST,TR02,0001,PRD-HAND-OFF-01-S,83000062,Y000042935,FR,5.600,0,-5.600,5.600,ML,296.02,USD,DANARIBA,9/25/2026,3:28:32 PM,303807773000376877,-296.02,,,,9/25/2026,3:26:15 PM,9/26/2026,3:02:27 PM,RPORTILLO,9/25/2026,3:26:15 PM,DANARIBA,S239,0.000,,2001429141,1,1,1
1000000054087,1000000054086,HS,POST,TR02,0001,PRD-HAND-OFF-01-S,83000062,Y000042935,FR,5.600,0,-5.600,5.600,ML,296.02,USD,DANARIBA,9/25/2026,3:28:32 PM,303807773000376860,-296.02,,,,9/25/2026,3:26:15 PM,9/26/2026,3:02:27 PM,RPORTILLO,9/25/2026,3:26:15 PM,DANARIBA,S239,0.000,,2001429141,1,1,1
1000000054089,1000000054088,HS,POST,TR02,0001,PRD-HAND-OFF-01-S,21487,Y000045832,FR,12,0,-12,12,EA,71.98,USD,DANARIBA,9/25/2026,3:28:23 PM,,-71.98,,,X,9/25/2026,3:28:05 PM,9/26/2026,3:02:46 PM,RPORTILLO,9/25/2026,3:28:05 PM,DANARIBA,S239,0,EA,2001429152,1,1,1
1000000054091,,HS,POST,MI02,5006,2258-INT-01-S,B0360,Y000052446,FR,0,30,30,30,ML,208.50,USD,RELLIOTT,9/25/2026,4:28:19 PM,,208.50,,,,9/25/2026,4:27:37 PM,9/25/2026,4:31:00 PM,SLOUF,9/25/2026,4:27:37 PM,RELLIOTT,S277,30,ML,2001429084,1,0,1
1000000054092,,HS,POST,NI02,5004,2239-DNA-01-S,20692,Y000052952,FR,2,5,3,3,EA,368.13,USD,RQUINLAN1,9/25/2026,4:31:13 PM,,368.13,,,,9/25/2026,4:29:14 PM,9/25/2026,4:34:19 PM,RTAVARES,9/25/2026,4:29:14 PM,RQUINLAN1,S285,5,EA,2001429087,1,0,1
1000000054094,1000000054093,HS,POST,TR02,0001,PRD-HAND-OFF-01-S,50000069,Y000051589,FR,4.854,0,-4.854,4.854,ML,109.12,USD,DANARIBA,9/25/2026,4:41:08 PM,103807771003407082,-109.12,,,,9/25/2026,4:40:57 PM,9/26/2026,3:03:04 PM,RPORTILLO,9/25/2026,4:40:57 PM,DANARIBA,S239,0.000,,2001429218,1,1,1
1000000054094,1000000054093,HS,POST,TR02,0001,PRD-HAND-OFF-01-S,50000069,Y000051589,FR,2.913,0,-2.913,2.913,ML,65.48,USD,DANARIBA,9/25/2026,4:41:08 PM,103807771003407075,-65.48,,,,9/25/2026,4:40:57 PM,9/26/2026,3:03:04 PM,RPORTILLO,9/25/2026,4:40:57 PM,DANARIBA,S239,0.000,,2001429218,1,1,1
1000000054097,1000000054096,HS,POST,TR02,0001,PRD-HAND-OFF-01-S,20681,Y000037991,FR,24,0,-24,24,EA,47.18,USD,DANARIBA,9/26/2026,3:21:15 PM,,-47.18,,,X,9/26/2026,3:19:52 PM,9/26/2026,3:40:32 PM,RPORTILLO,9/26/2026,3:19:52 PM,DANARIBA,S239,0,EA,2001429839,1,1,1
1000000054100,1000000054099,HS,POST,TR02,0001,PRD-HAND-OFF-01-S,50000069-QC,Y000053064,FR,10,0,-10,10,ML,224.80,USD,DANARIBA,9/26/2026,3:26:08 PM,303807773000509251,-224.80,,,,9/26/2026,3:23:24 PM,9/26/2026,3:41:26 PM,RPORTILLO,9/26/2026,3:23:24 PM,DANARIBA,S239,0.000,,2001429842,1,1,1
1000000054102,1000000054101,HS,POST,TR02,0001,PRD-HAND-OFF-01-S,50000066-QC,Y000043497,FR,10,0,-10,10,ML,206.70,USD,DANARIBA,9/26/2026,3:26:16 PM,303807773000380959,-206.70,,,,9/26/2026,3:23:53 PM,9/26/2026,3:41:44 PM,RPORTILLO,9/26/2026,3:23:53 PM,DANARIBA,S239,0.000,,2001429844,1,1,1
1000000054104,1000000054103,HS,POST,TR02,0001,PRD-HAND-OFF-01-S,83000062,Y000035373,FR,5.600,0,-5.600,5.600,ML,296.02,USD,DANARIBA,9/26/2026,3:26:24 PM,303807773000237109,-296.02,,,,9/26/2026,3:25:08 PM,9/26/2026,3:42:04 PM,RPORTILLO,9/26/2026,3:25:08 PM,DANARIBA,S239,0.000,,2001429846,1,1,1
1000000054104,1000000054103,HS,POST,TR02,0001,PRD-HAND-OFF-01-S,83000062,Y000035373,FR,5.600,0,-5.600,5.600,ML,296.02,USD,DANARIBA,9/26/2026,3:26:24 PM,303807773000237116,-296.02,,,,9/26/2026,3:25:08 PM,9/26/2026,3:42:04 PM,RPORTILLO,9/26/2026,3:25:08 PM,DANARIBA,S239,0.000,,2001429846,1,1,1
1000000054104,1000000054103,HS,POST,TR02,0001,PRD-HAND-OFF-01-S,83000062,Y000035373,FR,5.600,0,-5.600,5.600,ML,296.02,USD,DANARIBA,9/26/2026,3:26:24 PM,303807773000237130,-296.02,,,,9/26/2026,3:25:08 PM,9/26/2026,3:42:04 PM,RPORTILLO,9/26/2026,3:25:08 PM,DANARIBA,S239,0.000,,2001429846,1,1,1
1000000054104,1000000054103,HS,POST,TR02,0001,PRD-HAND-OFF-01-S,83000062,Y000035373,FR,5.600,0,-5.600,5.600,ML,296.02,USD,DANARIBA,9/26/2026,3:26:24 PM,303807773000237147,-296.02,,,,9/26/2026,3:25:08 PM,9/26/2026,3:42:04 PM,RPORTILLO,9/26/2026,3:25:08 PM,DANARIBA,S239,0.000,,2001429846,1,1,1
1000000054104,1000000054103,HS,POST,TR02,0001,PRD-HAND-OFF-01-S,83000062,Y000035373,FR,5.600,0,-5.600,5.600,ML,296.02,USD,DANARIBA,9/26/2026,3:26:24 PM,303807773000237123,-296.02,,,,9/26/2026,3:25:08 PM,9/26/2026,3:42:04 PM,RPORTILLO,9/26/2026,3:25:08 PM,DANARIBA,S239,0.000,,2001429846,1,1,1
1000000054106,1000000054105,HS,POST,TR02,0001,PRD-HAND-OFF-01-S,83000065,Y000037296,FR,0.022,0,-0.022,0.022,L,292.27,USD,DANARIBA,9/26/2026,3:26:31 PM,303807773000274265,-292.27,,,,9/26/2026,3:25:58 PM,9/26/2026,3:42:27 PM,RPORTILLO,9/26/2026,3:25:58 PM,DANARIBA,S239,0.000,,2001429848,1,1,1
1000000054110,1000000054109,HS,POST,TR02,0001,PRD-HAND-OFF-01-S,83000065,Y000033443,FR,0.020,0,-0.020,0.020,L,265.70,USD,DANARIBA,9/26/2026,3:45:44 PM,303807773000206662,-265.70,,,,9/26/2026,3:45:27 PM,9/26/2026,3:48:36 PM,RPORTILLO,9/26/2026,3:45:27 PM,DANARIBA,S239,0.000,,2001429856,1,1,1
1000000054110,1000000054109,HS,POST,TR02,0001,PRD-HAND-OFF-01-S,83000065,Y000033443,FR,0.020,0,-0.020,0.020,L,265.70,USD,DANARIBA,9/26/2026,3:45:44 PM,303807773000206655,-265.70,,,,9/26/2026,3:45:27 PM,9/26/2026,3:48:36 PM,RPORTILLO,9/26/2026,3:45:27 PM,DANARIBA,S239,0.000,,2001429856,1,1,1
1000000054110,1000000054109,HS,POST,TR02,0001,PRD-HAND-OFF-01-S,83000065,Y000033443,FR,0.020,0,-0.020,0.020,L,265.70,USD,DANARIBA,9/26/2026,3:45:44 PM,303807773000206686,-265.70,,,,9/26/2026,3:45:27 PM,9/26/2026,3:48:36 PM,RPORTILLO,9/26/2026,3:45:27 PM,DANARIBA,S239,0.000,,2001429856,1,1,1
1000000054110,1000000054109,HS,POST,TR02,0001,PRD-HAND-OFF-01-S,83000065,Y000033443,FR,0.020,0,-0.020,0.020,L,265.70,USD,DANARIBA,9/26/2026,3:45:44 PM,303807773000206648,-265.70,,,,9/26/2026,3:45:27 PM,9/26/2026,3:48:36 PM,RPORTILLO,9/26/2026,3:45:27 PM,DANARIBA,S239,0.000,,2001429856,1,1,1
1000000054110,1000000054109,HS,POST,TR02,0001,PRD-HAND-OFF-01-S,83000065,Y000033443,FR,0.020,0,-0.020,0.020,L,265.70,USD,DANARIBA,9/26/2026,3:45:44 PM,303807773000206679,-265.70,,,,9/26/2026,3:45:27 PM,9/26/2026,3:48:36 PM,RPORTILLO,9/26/2026,3:45:27 PM,DANARIBA,S239,0.000,,2001429856,1,1,1
1000000054110,1000000054109,HS,POST,TR02,0001,PRD-HAND-OFF-01-S,83000065,Y000033443,FR,0.020,0,-0.020,0.020,L,265.70,USD,DANARIBA,9/26/2026,3:45:44 PM,303807773000206631,-265.70,,,,9/26/2026,3:45:27 PM,9/26/2026,3:48:36 PM,RPORTILLO,9/26/2026,3:45:27 PM,DANARIBA,S239,0.000,,2001429856,1,1,1
1000000054110,1000000054109,HS,POST,TR02,0001,PRD-HAND-OFF-01-S,83000065,Y000033443,FR,0.020,0,-0.020,0.020,L,265.70,USD,DANARIBA,9/26/2026,3:45:44 PM,303807773000206624,-265.70,,,,9/26/2026,3:45:27 PM,9/26/2026,3:48:36 PM,RPORTILLO,9/26/2026,3:45:27 PM,DANARIBA,S239,0.000,,2001429856,1,1,1
1000000054114,1000000054113,HS,POST,TR02,0001,PRD-HAND-OFF-01-S,10099,Y000045092,FR,20,0,-20,20,L,779.39,USD,DANARIBA,9/26/2026,4:01:37 PM,103807771003441611,-779.39,,,,9/26/2026,4:01:25 PM,9/26/2026,4:11:28 PM,RPORTILLO,9/26/2026,4:01:25 PM,DANARIBA,S239,0.000,,2001429864,1,1,1
1000000054116,1000000054115,HS,POST,DG1N,1001,G1-47-03-01-N,20960,Y000042295,FP,3.000,0.000,-3.000,3.000,PK,69.70,USD,RSAMUEL,9/27/2026,1:08:34 AM,103807771003421385,-69.70,,,,9/27/2026,1:03:28 AM,9/28/2026,11:28:49 PM,RPORTILLO,9/27/2026,1:03:28 AM,RSAMUEL,N033,0.000,,2001430105,1,1,1
1000000054118,1000000054117,HS,POST,DG1N,1001,E1-37-02-02-N,20681,Y000037991,FP,24,0,-24,24,EA,47.18,USD,RSAMUEL,9/27/2026,1:08:42 AM,103807771003393279,-47.18,,,,9/27/2026,1:07:16 AM,9/28/2026,11:31:03 PM,RPORTILLO,9/27/2026,1:07:16 AM,RSAMUEL,N033,0.000,,2001430107,1,1,1
1000000054120,1000000054119,HS,POST,DG1N,1001,C1-38-03-02-N,21487,Y000045832,FP,12,0,-12,12,EA,71.98,USD,RSAMUEL,9/27/2026,1:09:22 AM,103807771003269239,-71.98,,,,9/27/2026,1:08:13 AM,9/28/2026,11:28:31 PM,RPORTILLO,9/27/2026,1:08:13 AM,RSAMUEL,N033,0.000,,2001430109,1,1,1
1000000054121,,HS,POST,MI02,5006,2258-INT-01-S,20973,Y000041195,FR,0,1,1,1,EA,95.79,USD,YLIANG,9/27/2026,11:27:13 AM,,95.79,,,,9/27/2026,10:20:47 AM,9/27/2026,11:28:10 AM,SLOUF,9/27/2026,10:20:47 AM,YLIANG,S277,1,EA,2001430394,1,0,1
1000000054122,,HS,POST,MI02,5006,2258-INT-01-S,10246,Y000047085,FR,0,4,4,4,ML,51.44,USD,MCASTOR,9/27/2026,10:56:20 AM,,51.44,,,,9/27/2026,10:48:00 AM,9/27/2026,10:58:48 AM,SLOUF,9/27/2026,10:48:00 AM,MCASTOR,S277,4,ML,2001430181,1,0,1
1000000054123,,HS,POST,MI02,5006,2258-INT-01-S,10278,Y000048577,FR,260,760,500,500,ML,45.21,USD,YLIANG,9/27/2026,1:23:46 PM,,45.21,,,,9/27/2026,1:22:27 PM,9/27/2026,1:29:52 PM,SLOUF,9/27/2026,1:22:27 PM,YLIANG,S277,760,ML,2001430285,1,0,1
1000000054124,,HS,POST,MI02,5006,2258-INT-01-S,20973,Y000041195,FR,0,1,1,1,EA,95.79,USD,YLIANG,9/27/2026,1:30:18 PM,,95.79,,,,9/27/2026,1:29:51 PM,9/27/2026,1:32:14 PM,SLOUF,9/27/2026,1:29:51 PM,YLIANG,S277,1,EA,2001430288,1,0,1
1000000054125,,HS,POST,MI02,5006,2258-INT-01-S,20798,Y000038320,FR,0,40,40,40,EA,112.00,USD,YLIANG,9/27/2026,4:49:32 PM,,112.00,,,,9/27/2026,4:48:11 PM,9/27/2026,4:51:18 PM,SLOUF,9/27/2026,4:48:11 PM,YLIANG,S277,40,EA,2001430615,1,0,1
1000000054126,1000000054038,CC,POST,DG1N,1010,H1-07-05-03-N,10021,Y000047003,FP,0.980,0.939,-0.041,0.041,KG,13.74,USD,RPIERCE,9/29/2026,7:09:31 AM,103807771003400342,-13.74,,,,9/28/2026,7:01:56 AM,9/30/2026,10:12:16 PM,RPORTILLO,9/28/2026,7:01:56 AM,RPIERCE,N034,0.939,KG,2001430675,1,1,1
1000000054127,1000000054039,CC,POST,DG1N,1010,H1-07-05-04-N,10021,Y000047003,FP,0.949,0.990,0.041,0.041,KG,13.74,USD,RPIERCE,9/29/2026,7:09:47 AM,103807771003400359,13.74,,,,9/28/2026,7:02:36 AM,9/29/2026,2:51:58 PM,RPORTILLO,9/28/2026,7:02:36 AM,RPIERCE,N034,0.990,KG,2001430676,1,1,1
1000000054132,1000000054131,HL,POST,DG1N,1001,A1-43-01-01-N,20655,Y000013998,FP,0,5,5,5,EA,"5,317.25",USD,LVIEIRA,9/28/2026,1:14:54 PM,103807771003447996,"5,317.25",,,,9/28/2026,1:14:01 PM,9/28/2026,3:22:34 PM,RPORTILLO,9/28/2026,1:14:01 PM,LVIEIRA,N033,5,EA,2001431127,1,1,1
1000000054134,1000000054133,HL,POST,DG1N,1001,A1-43-02-01-N,10350,1035022007,FP,0,4.920,4.920,4.920,KG,"1,866.92",USD,LVIEIRA,9/28/2026,1:25:11 PM,103807771003448306,"1,866.92",,,,9/28/2026,1:24:22 PM,9/28/2026,3:13:25 PM,RPORTILLO,9/28/2026,1:24:22 PM,LVIEIRA,N033,4.920,KG,2001431134,1,1,1
1000000054135,,HS,POST,MI02,5007,1311A-LMX-01-S,21339,Y000045200,FR,0,1,1,1,EA,36.43,USD,HABDOU,9/28/2026,1:59:13 PM,,36.43,,,,9/28/2026,1:58:34 PM,9/28/2026,2:00:36 PM,JKENT,9/28/2026,1:58:34 PM,HABDOU,S278,1,EA,2001431082,1,0,1
1000000054136,,HS,POST,MI02,5002,1295-CHM-01-S,21245,Y000046807,FR,0,2,2,2,EA,"10,120.00",USD,SLOTLIKAR,9/28/2026,3:44:45 PM,,"10,120.00",,,,9/28/2026,3:42:12 PM,10/5/2026,3:01:44 PM,MTHIBAULT,9/28/2026,3:42:12 PM,SLOTLIKAR,S273,2,EA,2001431303,1,0,1
1000000054138,,HS,POST,MI02,5007,1311A-LMX-01-S,83000225,Y000053722,FR,0,1.160,1.160,1.160,L,"31,651.48",USD,SMASON1,9/28/2026,4:53:32 PM,,"31,651.48",,,,9/28/2026,4:52:21 PM,9/28/2026,4:55:10 PM,JKENT,9/28/2026,4:52:21 PM,SMASON1,S278,1.160,L,2001431313,1,0,1
1000000054139,,HS,POST,MI02,5007,1311A-LMX-01-S,21035,2103524012,FR,0,20,20,20,EA,"9,481.60",USD,JPOTHIER,9/28/2026,5:03:05 PM,,"9,481.60",,,,9/28/2026,5:02:25 PM,9/28/2026,5:05:14 PM,JKENT,9/28/2026,5:02:25 PM,JPOTHIER,S278,20,EA,2001431315,1,0,1
1000000054140,,HS,POST,TR02,0001,PRD-HAND-OFF-01-S,21286,Y000050066,FR,0,2,2,2,EA,432.10,USD,CSWARTZ,9/28/2026,5:05:25 PM,,432.10,,,,9/28/2026,5:03:25 PM,9/28/2026,5:35:04 PM,JGAKE,9/28/2026,5:03:25 PM,CSWARTZ,S239,2,EA,2001431316,3,0,1
1000000054141,,HS,POST,MI02,5007,1311A-LMX-01-S,20656,Y000021185,FR,0,1,1,1,EA,792.30,USD,HABDOU,9/28/2026,5:16:23 PM,,792.30,,,,9/28/2026,5:15:38 PM,9/28/2026,5:24:37 PM,JKENT,9/28/2026,5:15:38 PM,HABDOU,S278,1,EA,2001431260,1,0,1
1000000054145,1000000054144,HS,POST,DG1N,1001,E1-34-01-02-N,M0936,Y000043420,FP,36.000,0.000,-36.000,36.000,PK,"1,549.80",USD,RPIERCE,9/30/2026,7:03:03 AM,103807771003370911,"-1,549.80",,,,9/28/2026,9:11:20 PM,9/30/2026,10:13:00 PM,RPORTILLO,9/28/2026,9:11:20 PM,JAUGUSTIN,N033,0.000,,2001431414,1,1,1
1000000054193,1000000054020,CC,POST,DG1N,1001,A1-14-03-01-N,21339,Y000052145,FP,564,565,1,1,EA,36.43,USD,RPIERCE,9/30/2026,6:41:16 AM,103807771003406900,36.43,,,,9/28/2026,11:05:09 PM,9/30/2026,10:11:08 PM,RPORTILLO,9/28/2026,11:05:09 PM,RPORTILLO,N033,565,EA,2001431482,1,1,1
1000000054194,1000000054006,CC,POST,DG1N,1001,B1-42-01-02-N,10099,Y000052111,FP,0.060,0,-0.060,0.060,L,2.34,USD,RPIERCE,9/30/2026,6:56:18 AM,103807771003439137,-2.34,,,,9/28/2026,11:05:33 PM,9/30/2026,10:11:23 PM,RPORTILLO,9/28/2026,11:05:33 PM,RPORTILLO,N033,0.000,,2001431483,1,1,1
1000000054194,1000000054006,CC,POST,DG1N,1001,B1-42-01-02-N,10099,Y000052111,FP,79.900,79.960,0.060,0.060,L,2.34,USD,RPIERCE,9/30/2026,6:56:18 AM,103807771003421187,2.34,,,,9/28/2026,11:05:33 PM,9/30/2026,10:11:23 PM,RPORTILLO,9/28/2026,11:05:33 PM,RPORTILLO,N033,79.960,L,2001431483,1,1,1
1000000054195,1000000054007,CC,POST,DG1N,1001,A1-08-01-01-N,10658,Y000049808,FP,120,100,-20,20,L,511.68,USD,RPIERCE,9/30/2026,6:35:47 AM,103807771003354065,-511.68,,,,9/28/2026,11:05:46 PM,9/30/2026,10:11:34 PM,RPORTILLO,9/28/2026,11:05:46 PM,RPORTILLO,N033,100,L,2001431484,1,1,1
1000000054198,1000000054028,CC,POST,DG1N,1001,G1-28-05-01-N,20326,Y000040888,FP,3,2,-1,1,EA,95.50,USD,RPIERCE,9/30/2026,7:03:56 AM,103807771003347029,-95.50,,,,9/28/2026,11:30:27 PM,9/30/2026,10:13:08 PM,RPORTILLO,9/28/2026,11:30:27 PM,RPORTILLO,N033,2,EA,2001431487,1,1,1
1000000054201,1000000054001,HS,POST,DG1N,1001,G1-49-05-01-N,21905,Y000021090,FP,61,0,-61,61,EA,444.08,USD,RPIERCE,9/30/2026,7:06:15 AM,103807771003275025,-444.08,,,,9/28/2026,11:31:58 PM,9/30/2026,10:14:38 PM,RPORTILLO,9/28/2026,11:31:58 PM,RPORTILLO,N033,0.000,,2001431490,1,1,1
1000000054202,1000000054018,HS,POST,OG1N,,OUT-STG-BIO-ROWC-N,21210,Y000009522,BP,1,0,-1,1,EA,"1,927.83",USD,RPIERCE,9/30/2026,6:58:29 AM,103807771003419733,"-1,927.83",,,,9/28/2026,11:32:20 PM,9/30/2026,10:19:44 PM,RPORTILLO,9/28/2026,11:32:20 PM,RPORTILLO,N113,0.000,,2001431491,1,1,1
1000000054212,1000000054175,CC,POST,DG1N,2001,M2-02-02-01-N,20790,Y000045485,FP,150,151,1,1,EA,44.52,USD,RPIERCE,9/30/2026,7:01:10 AM,103807771003262070,44.52,,,,9/29/2026,6:44:47 AM,9/30/2026,10:12:32 PM,RPORTILLO,9/29/2026,6:44:47 AM,RPIERCE,N041,151,EA,2001431690,1,1,1
1000000054213,1000000054040,CC,POST,DG1N,1010,H1-08-05-02-N,10021,Y000047268,FP,2,4.955,2.955,2.955,KG,989.93,USD,RPIERCE,9/29/2026,6:52:45 AM,103807771003378016,989.93,,,,9/29/2026,6:52:23 AM,9/29/2026,2:51:30 PM,RPORTILLO,9/29/2026,6:52:23 AM,RPIERCE,N034,4.955,KG,2001431691,1,1,1
1000000054214,,HL,POST,NI02,5004,2239-DNA-01-S,21035,2103524013,FR,2,0,-2,2,EA,948.16,USD,CSWARTZ,9/29/2026,8:43:48 AM,,-948.16,,,X,9/29/2026,7:23:03 AM,9/29/2026,8:58:00 AM,JGAKE,9/29/2026,7:23:03 AM,CSWARTZ,S285,0,EA,2001431695,1,0,1
1000000054214,,HL,POST,NI02,5004,2239-DNA-01-S,10201,Y000020931,FR,"5,500",6,"-5,494","5,494",ML,"3,054.66",USD,CSWARTZ,9/29/2026,8:43:48 AM,,"-3,054.66",,,,9/29/2026,7:23:03 AM,9/29/2026,8:58:00 AM,JGAKE,9/29/2026,7:23:03 AM,CSWARTZ,S285,6,ML,2001431695,1,0,1
1000000054214,,HL,POST,NI02,5004,2239-DNA-01-S,21804,Y000051595,FR,1,0,-1,1,EA,"10,600.00",USD,CSWARTZ,9/29/2026,8:43:48 AM,,"-10,600.00",,,X,9/29/2026,7:23:03 AM,9/29/2026,8:58:00 AM,JGAKE,9/29/2026,7:23:03 AM,CSWARTZ,S285,0,EA,2001431695,1,0,1
1000000054214,,HL,POST,NI02,5004,2239-DNA-01-S,53000156,Y000050405,FR,198.130,98.630,-99.500,99.500,L,"5,702.35",USD,CSWARTZ,9/29/2026,8:43:48 AM,,"-5,702.35",,,,9/29/2026,7:23:03 AM,9/29/2026,8:58:00 AM,JGAKE,9/29/2026,7:23:03 AM,CSWARTZ,S285,98.630,L,2001431695,1,0,1
1000000054214,,HL,POST,NI02,5004,2239-DNA-01-S,21035,2103524002,FR,26,76,50,50,EA,"23,704.00",USD,CSWARTZ,9/29/2026,8:43:48 AM,,"23,704.00",,,,9/29/2026,7:23:03 AM,9/29/2026,8:58:00 AM,JGAKE,9/29/2026,7:23:03 AM,CSWARTZ,S285,76,EA,2001431695,1,0,1
1000000054214,,HL,POST,NI02,5004,2239-DNA-01-S,21134,Y000043873,FR,8,7,-1,1,EA,118.96,USD,CSWARTZ,9/29/2026,8:43:48 AM,,-118.96,,,,9/29/2026,7:23:03 AM,9/29/2026,8:58:00 AM,JGAKE,9/29/2026,7:23:03 AM,CSWARTZ,S285,7,EA,2001431695,1,0,1
1000000054214,,HL,POST,NI02,5004,2239-DNA-01-S,M0124,Y000009623,FR,4.000,2.400,-1.600,1.600,PK,233.20,USD,CSWARTZ,9/29/2026,8:43:48 AM,,-233.20,,,,9/29/2026,7:23:03 AM,9/29/2026,8:58:00 AM,JGAKE,9/29/2026,7:23:03 AM,CSWARTZ,S285,2.400,PK,2001431695,1,0,1
1000000054214,,HL,POST,NI02,5004,2239-DNA-01-S,21263,Y000018896,FR,1.300,0.000,-1.300,1.300,PK,328.65,USD,CSWARTZ,9/29/2026,8:43:48 AM,,-328.65,,,X,9/29/2026,7:23:03 AM,9/29/2026,8:58:00 AM,JGAKE,9/29/2026,7:23:03 AM,CSWARTZ,S285,0.000,PK,2001431695,1,0,1
1000000054214,,HL,POST,NI02,5004,2239-DNA-01-S,20690,Y000021872,FR,2,1,-1,1,EA,197.99,USD,CSWARTZ,9/29/2026,8:43:48 AM,,-197.99,,,,9/29/2026,7:23:03 AM,9/29/2026,8:58:00 AM,JGAKE,9/29/2026,7:23:03 AM,CSWARTZ,S285,1,EA,2001431695,1,0,1
1000000054214,,HL,POST,NI02,5004,2239-DNA-01-S,M0837,Y000022127,FR,0.667,0.400,-0.267,0.267,CS,46.89,USD,CSWARTZ,9/29/2026,8:43:48 AM,,-46.89,,,,9/29/2026,7:23:03 AM,9/29/2026,8:58:00 AM,JGAKE,9/29/2026,7:23:03 AM,CSWARTZ,S285,0.400,CS,2001431695,1,0,1
1000000054214,,HL,POST,NI02,5004,2239-DNA-01-S,10099,Y000045092,FR,19.990,40,20.010,20.010,L,779.78,USD,CSWARTZ,9/29/2026,8:43:48 AM,,779.78,,,,9/29/2026,7:23:03 AM,9/29/2026,8:58:00 AM,JGAKE,9/29/2026,7:23:03 AM,CSWARTZ,S285,40,L,2001431695,1,0,1
1000000054214,,HL,POST,NI02,5004,2239-DNA-01-S,21559,Y000046870,FR,4,2,-2,2,EA,"1,641.60",USD,CSWARTZ,9/29/2026,8:43:48 AM,,"-1,641.60",,,,9/29/2026,7:23:03 AM,9/29/2026,8:58:00 AM,JGAKE,9/29/2026,7:23:03 AM,CSWARTZ,S285,2,EA,2001431695,1,0,1
1000000054214,,HL,POST,NI02,5004,2239-DNA-01-S,21035,2103524009,FR,3,7,4,4,EA,"1,896.32",USD,CSWARTZ,9/29/2026,8:43:48 AM,,"1,896.32",,,,9/29/2026,7:23:03 AM,9/29/2026,8:58:00 AM,JGAKE,9/29/2026,7:23:03 AM,CSWARTZ,S285,7,EA,2001431695,1,0,1
1000000054214,,HL,POST,NI02,5004,2239-DNA-01-S,21754,Y000043661,FR,10,9,-1,1,EA,107.78,USD,CSWARTZ,9/29/2026,8:43:48 AM,,-107.78,,,,9/29/2026,7:23:03 AM,9/29/2026,8:58:00 AM,JGAKE,9/29/2026,7:23:03 AM,CSWARTZ,S285,9,EA,2001431695,1,0,1
1000000054214,,HL,POST,NI02,5004,2239-DNA-01-S,21554,2155423008,FR,3,2,-1,1,EA,"1,763.36",USD,CSWARTZ,9/29/2026,8:43:48 AM,,"-1,763.36",,,,9/29/2026,7:23:03 AM,9/29/2026,8:58:00 AM,JGAKE,9/29/2026,7:23:03 AM,CSWARTZ,S285,2,EA,2001431695,1,0,1
1000000054214,,HL,POST,NI02,5004,2239-DNA-01-S,21097,Y000043411,FR,2,1,-1,1,EA,273.57,USD,CSWARTZ,9/29/2026,8:43:48 AM,,-273.57,,,,9/29/2026,7:23:03 AM,9/29/2026,8:58:00 AM,JGAKE,9/29/2026,7:23:03 AM,CSWARTZ,S285,1,EA,2001431695,1,0,1
1000000054214,,HL,POST,NI02,5004,2239-DNA-01-S,21263,Y000032789,FR,6.750,3.500,-3.250,3.250,PK,821.63,USD,CSWARTZ,9/29/2026,8:43:48 AM,,-821.63,,,,9/29/2026,7:23:03 AM,9/29/2026,8:58:00 AM,JGAKE,9/29/2026,7:23:03 AM,CSWARTZ,S285,3.500,PK,2001431695,1,0,1
1000000054214,,HL,POST,NI02,5004,2239-DNA-01-S,21035,2103524003,FR,8,7,-1,1,EA,474.08,USD,CSWARTZ,9/29/2026,8:43:48 AM,,-474.08,,,,9/29/2026,7:23:03 AM,9/29/2026,8:58:00 AM,JGAKE,9/29/2026,7:23:03 AM,CSWARTZ,S285,7,EA,2001431695,1,0,1
1000000054214,,HL,POST,NI02,5004,2239-DNA-01-S,21050,Y000051945,FR,7,14,7,7,EA,"1,807.75",USD,CSWARTZ,9/29/2026,8:43:48 AM,,"1,807.75",,,,9/29/2026,7:23:03 AM,9/29/2026,8:58:00 AM,JGAKE,9/29/2026,7:23:03 AM,CSWARTZ,S285,14,EA,2001431695,1,0,1
1000000054214,,HL,POST,NI02,5004,2239-DNA-01-S,20692,Y000052952,FR,1,2,1,1,EA,122.71,USD,CSWARTZ,9/29/2026,8:43:48 AM,,122.71,,,,9/29/2026,7:23:03 AM,9/29/2026,8:58:00 AM,JGAKE,9/29/2026,7:23:03 AM,CSWARTZ,S285,2,EA,2001431695,1,0,1
1000000054214,,HL,POST,NI02,5004,2239-DNA-01-S,20920,Y000029098,FR,2,1,-1,1,EA,134.16,USD,CSWARTZ,9/29/2026,8:43:48 AM,,-134.16,,,,9/29/2026,7:23:03 AM,9/29/2026,8:58:00 AM,JGAKE,9/29/2026,7:23:03 AM,CSWARTZ,S285,1,EA,2001431695,1,0,1
1000000054214,,HL,POST,NI02,5004,2239-DNA-01-S,M0532,Y000030888,FR,0.550,0.000,-0.550,0.550,PK,736.71,USD,CSWARTZ,9/29/2026,8:43:48 AM,,-736.71,,,X,9/29/2026,7:23:03 AM,9/29/2026,8:58:00 AM,JGAKE,9/29/2026,7:23:03 AM,CSWARTZ,S285,0.000,PK,2001431695,1,0,1
1000000054214,,HL,POST,NI02,5004,2239-DNA-01-S,21298,Y000037669,FR,3.250,1.750,-1.500,1.500,PK,289.40,USD,CSWARTZ,9/29/2026,8:43:48 AM,,-289.40,,,,9/29/2026,7:23:03 AM,9/29/2026,8:58:00 AM,JGAKE,9/29/2026,7:23:03 AM,CSWARTZ,S285,1.750,PK,2001431695,1,0,1
1000000054214,,HL,POST,NI02,5004,2239-DNA-01-S,53000199,Y000038362,FR,40.250,19,-21.250,21.250,L,"10,752.29",USD,CSWARTZ,9/29/2026,8:43:48 AM,,"-10,752.29",,,,9/29/2026,7:23:03 AM,9/29/2026,8:58:00 AM,JGAKE,9/29/2026,7:23:03 AM,CSWARTZ,S285,19,L,2001431695,1,0,1
1000000054215,,HS,POST,MI02,5001,1276-BUF-01-S,20011,Y000053094,FR,0,2,2,2,EA,191.75,USD,JHERNANDEZ1,9/29/2026,9:47:34 AM,,191.75,,,,9/29/2026,9:46:41 AM,9/29/2026,9:52:56 AM,MTHIBAULT,9/29/2026,9:46:41 AM,JHERNANDEZ1,S272,2,EA,2001431822,1,0,1
1000000054216,,HS,POST,MI02,5006,2258-INT-01-S,21890,Y000031883,FR,37,7,-30,30,EA,292.03,USD,AGRACIA,9/29/2026,10:07:52 AM,,-292.03,,,,9/29/2026,10:07:17 AM,9/29/2026,10:16:53 AM,JMARTIN1,9/29/2026,10:07:17 AM,AGRACIA,S277,7,EA,2001431829,1,0,1
1000000054217,,HS,POST,MI02,5002,1295-CHM-01-S,21435,Y000032497,FR,0,1,1,1,EA,"4,286.00",USD,BPARRISH,9/29/2026,10:54:51 AM,,"4,286.00",,,,9/29/2026,10:53:45 AM,9/29/2026,11:07:19 AM,MTHIBAULT,9/29/2026,10:53:45 AM,BPARRISH,S273,1,EA,2001431914,1,0,1
1000000054218,,HS,POST,MI02,5006,2258-INT-01-S,21890,Y000047649,FR,0,2,2,2,EA,19.47,USD,MARRECHEAVIA,9/29/2026,2:44:46 PM,,19.47,,,,9/29/2026,2:44:01 PM,9/29/2026,2:49:08 PM,MDALY1,9/29/2026,2:44:01 PM,MARRECHEAVIA,S277,2,EA,2001432041,1,0,1
1000000054219,,HS,POST,MI02,5006,2258-INT-01-S,21890,Y000047649,FR,1,3,2,2,EA,19.47,USD,MARRECHEAVIA,9/29/2026,3:06:26 PM,,19.47,,,,9/29/2026,3:04:37 PM,9/29/2026,3:10:39 PM,MDALY1,9/29/2026,3:04:37 PM,MARRECHEAVIA,S277,3,EA,2001432042,1,0,1
1000000054240,,HS,POST,MI02,5008,1164-LNP-01-S,21090,Y000021994,FR,0,1,1,1,EA,218.37,USD,JPOTHIER,9/29/2026,4:31:08 PM,,218.37,,,,9/29/2026,4:30:46 PM,9/29/2026,6:06:50 PM,JKENT,9/29/2026,4:30:46 PM,JPOTHIER,S279,1,EA,2001432173,1,0,1
1000000054241,,HS,POST,MI02,5001,1276-BUF-01-S,10816,Y000048165,FR,2.852,4,1.148,1.148,L,27.41,USD,JMCDAVID,9/29/2026,5:24:39 PM,,27.41,,,,9/29/2026,5:03:32 PM,9/29/2026,5:25:42 PM,JDUSSEAULT,9/29/2026,5:03:32 PM,JMCDAVID,S272,4,L,2001432077,1,0,1
1000000054247,,HS,POST,TR02,0001,PRD-HAND-OFF-01-S,21035,2103524013,FR,0,40,40,40,EA,"18,963.20",USD,CSWARTZ,9/29/2026,5:31:14 PM,,"18,963.20",,,,9/29/2026,5:30:19 PM,9/29/2026,5:35:44 PM,JGAKE,9/29/2026,5:30:19 PM,CSWARTZ,S239,40,EA,2001432189,1,0,1
1000000054249,,HS,POST,TR02,0001,PRD-HAND-OFF-01-S,21035,2103524003,FR,0,40,40,40,EA,"18,963.20",USD,CSWARTZ,9/29/2026,5:33:59 PM,,"18,963.20",,,,9/29/2026,5:33:18 PM,9/29/2026,5:36:24 PM,JGAKE,9/29/2026,5:33:18 PM,CSWARTZ,S239,40,EA,2001432191,1,0,1
1000000054250,,HS,POST,TR02,0001,PRD-HAND-OFF-01-S,21035,2103524002,FR,0,80,80,80,EA,"37,926.40",USD,CSWARTZ,9/29/2026,5:35:24 PM,,"37,926.40",,,,9/29/2026,5:34:44 PM,9/29/2026,5:36:39 PM,JGAKE,9/29/2026,5:34:44 PM,CSWARTZ,S239,80,EA,2001432193,1,0,1
1000000054251,,HS,POST,MI02,5001,1276-BUF-01-S,10816,Y000048165,FR,4,6,2,2,L,47.75,USD,JMCDAVID,9/29/2026,5:40:17 PM,,47.75,,,,9/29/2026,5:39:57 PM,9/29/2026,5:41:34 PM,JDUSSEAULT,9/29/2026,5:39:57 PM,JMCDAVID,S272,6,L,2001432221,1,0,1
1000000054321,1000000054308,CC,POST,DG1N,1001,C1-31-03-01-N,20007,2000723002,BP,1,0,-1,1,EA,46.49,USD,RPIERCE,9/30/2026,6:57:28 AM,103807771003424294,-46.49,,,,9/30/2026,5:29:01 AM,9/30/2026,10:20:44 PM,RPORTILLO,9/30/2026,5:29:01 AM,RPIERCE,N033,0.000,,2001432539,1,1,1
1000000054322,,HS,POST,NI02,5004,2239-DNA-01-S,53000199,Y000038524,FR,0,19.840,19.840,19.840,L,"10,038.84",USD,CSWARTZ,9/30/2026,6:21:14 AM,,"10,038.84",,,,9/30/2026,6:18:55 AM,9/30/2026,6:24:05 AM,JGAKE,9/30/2026,6:18:55 AM,CSWARTZ,S285,19.840,L,2001432544,1,0,1
1000000054323,,HS,POST,NI02,5004,2239-DNA-01-S,21134,Y000043406,FR,0,1,1,1,EA,118.96,USD,CSWARTZ,9/30/2026,6:21:33 AM,,118.96,,,,9/30/2026,6:19:59 AM,9/30/2026,6:25:06 AM,JGAKE,9/30/2026,6:19:59 AM,CSWARTZ,S285,1,EA,2001432545,1,0,1
1000000054324,,HS,POST,NI02,5004,2239-DNA-01-S,10201,Y000020931,FR,6,"6,000","5,994","5,994",ML,"3,332.66",USD,CSWARTZ,9/30/2026,7:08:29 AM,,"3,332.66",,,,9/30/2026,7:07:46 AM,9/30/2026,7:08:56 AM,JGAKE,9/30/2026,7:07:46 AM,CSWARTZ,S285,"6,000",ML,2001432548,1,0,1
1000000054327,1000000054326,HS,POST,DG1N,1020,P1-04-04-04-N,80000373,Y000051012,FP,14,44,30,30,ML,240.00,USD,RPIERCE,9/30/2026,7:42:04 AM,103807771003378818,240.00,,,,9/30/2026,7:41:36 AM,9/30/2026,9:07:58 AM,RPORTILLO,9/30/2026,7:41:36 AM,RPIERCE,N036,44,ML,2001432700,1,1,1
1000000054328,,HS,POST,MI02,5007,1311A-LMX-01-S,20279,Y000038318,FR,0,1,1,1,EA,49.18,USD,HABDOU,9/30/2026,7:58:33 AM,,49.18,,,,9/30/2026,7:56:04 AM,9/30/2026,8:01:29 AM,JKENT,9/30/2026,7:56:04 AM,HABDOU,S278,1,EA,2001432615,1,0,1
1000000054329,,HS,POST,DG1N,1001,B1-33-02-02-N,Q0070,Q007023004,BP,35,0,-35,35,EA,"4,432.40",USD,KKADOORA,9/30/2026,11:38:47 AM,103807771003277661,"-4,432.40",,,,9/30/2026,11:38:38 AM,9/30/2026,10:20:04 PM,RPORTILLO,9/30/2026,11:38:38 AM,KKADOORA,N033,0.000,,2001432841,1,0,1
1000000054330,,HS,POST,MI02,5009,1280-RNA-01-S,53000137,Y000052920,FR,0,200,200,200,L,"8,938.00",USD,RCASSIDY,9/30/2026,12:12:56 PM,,"8,938.00",,,,9/30/2026,12:12:07 PM,9/30/2026,12:16:24 PM,MTHIBAULT,9/30/2026,12:12:07 PM,RCASSIDY,S280,200,L,2001432901,1,0,1
1000000054331,,HS,POST,MI02,5006,2258-INT-01-S,10280,Y000046488,FR,0,"3,000","3,000","3,000",ML,534.69,USD,DHERNANDEZ3,9/30/2026,12:18:06 PM,,534.69,,,,9/30/2026,12:17:28 PM,9/30/2026,12:36:46 PM,SLOUF,9/30/2026,12:17:28 PM,MCASTOR,S277,"3,000",ML,2001433001,1,0,1
1000000054334,1000000054333,HS,POST,DG1N,1001,G1-37-03-01-N,20605,Y000047434,BP,5,4,-1,1,EA,"3,080.00",USD,LVIEIRA,9/30/2026,3:27:21 PM,103807771003450279,"-3,080.00",,,,9/30/2026,3:26:53 PM,9/30/2026,10:11:54 PM,RPORTILLO,9/30/2026,3:26:53 PM,LVIEIRA,N033,4,EA,2001433047,1,1,1
